Transaction ID,Date Initiated,Date Posted,Transaction Type,Payment Method,Recipient ID,Amount,HIT ID,Assignment ID
3JDZ1HYUX8UPWYSS1SX3EDRAX96LN4,2019-07-21 14:40:14 -0700,2019-07-21 20:20:57 -0700,AssignmentPayment,,A3CH1Z6J9R38G9,-1.500,32TZXEA1OL4UHS6OW73EFGPSWPL14R,3C6FJU71TRDTAG90D566VRUKM3LUY8
392W9R5GF2C2KF6R9P1G3SBUNVKH8E,2019-07-21 14:40:14 -0700,2019-07-21 18:26:50 -0700,FeePayment,,Mechanical Turk,-0.300,32TZXEA1OL4UHS6OW73EFGPSWPL14R,3C6FJU71TRDTAG90D566VRUKM3LUY8
34F5QJUGDX8M9SI5IKA3W9WLYLOZVQ,2019-07-21 17:47:07 -0700,2019-07-22 01:32:16 -0700,AssignmentPayment,,A1KZ21TSAYUHO4,-1.500,32TZXEA1OL4UHS6OW73EFGPSWPL14R,3T111IHZ5FAMTN9B1ZJLRZE96WP9RP
3W2ZGIEDBG8MVV7TXCU8A6J1JTGVG6,2019-07-21 17:47:07 -0700,2019-07-22 02:45:58 -0700,FeePayment,,Mechanical Turk,-0.300,32TZXEA1OL4UHS6OW73EFGPSWPL14R,3T111IHZ5FAMTN9B1ZJLRZE96WP9RP
38NZXUSQ8VL5WT3UKQJFH69WNPN83A,2019-07-22 16:23:53 -0700,2019-07-22 16:23:53 -0700,Prepayment,Visa (last 4 digits: 4989),A2JDJL3FQ56GO1,144.000,,
3ZQFW562CDOYC60YXX2LGXJYOY8J9V,2019-07-22 05:40:32 -0700,2019-07-22 13:20:13 -0700,AssignmentPayment,,A2N2GFB33ZMYGF,-1.500,32TZXEA1OL4UHS6OW73EFGPSWPL14R,3GD6L00D3THD72TOSE8BQU2G2XC1MU
3736UMAP60WOY2M2MRUFEHW6S88EU3,2019-07-22 05:40:32 -0700,2019-07-22 11:08:06 -0700,FeePayment,,Mechanical Turk,-0.300,32TZXEA1OL4UHS6OW73EFGPSWPL14R,3GD6L00D3THD72TOSE8BQU2G2XC1MU
3DN33T794IG8P01U3EZMV53DIVJHRR,2019-07-23 12:01:50 -0700,2019-07-23 19:36:10 -0700,AssignmentPayment,,A2G0HRT8HS9HRZ,-1.500,391FPZIE4C6421LHD2XHK73TDSBUHF,3JWH6J9I9TXK2IWG6CG09L4PT6BNBB
3R4U7SL5VDMNK2R245YVETSFLZ9DCE,2019-07-23 12:01:50 -0700,2019-07-23 17:59:10 -0700,FeePayment,,Mechanical Turk,-0.300,391FPZIE4C6421LHD2XHK73TDSBUHF,3JWH6J9I9TXK2IWG6CG09L4PT6BNBB
3CI5H3RTGXWE8RDVMD926NK498HXY2,2019-07-23 12:01:50 -0700,2019-07-23 19:14:01 -0700,AssignmentPayment,,AOS2PVHT2HYTL,-1.500,391FPZIE4C6421LHD2XHK73TDSBUHF,3MD9PLUKKJYGKGZWCQW3V3BSK9JNZ3
3DPSUG9Z2FCH95T50NFW61NWE56TJR,2019-07-23 12:01:50 -0700,2019-07-23 17:59:10 -0700,FeePayment,,Mechanical Turk,-0.300,391FPZIE4C6421LHD2XHK73TDSBUHF,3MD9PLUKKJYGKGZWCQW3V3BSK9JNZ3
35LT7RL41T57DGRB0J2DQT59SZDFJ0,2019-07-23 12:01:50 -0700,2019-07-23 19:42:51 -0700,AssignmentPayment,,A28VE2YSRYE3B8,-1.500,391FPZIE4C6421LHD2XHK73TDSBUHF,39KFRKBFIOFYXBP3HJUXWL2V4Q1YOL
3QSWZPDJZ5TRA1G3XU1705SRQ1HB4T,2019-07-23 12:01:50 -0700,2019-07-23 17:59:10 -0700,FeePayment,,Mechanical Turk,-0.300,391FPZIE4C6421LHD2XHK73TDSBUHF,39KFRKBFIOFYXBP3HJUXWL2V4Q1YOL
3O0GZ8R0CJ9YS5JGLKQFHK263KE82P,2019-07-23 12:01:51 -0700,2019-07-23 19:32:26 -0700,AssignmentPayment,,AGKL1HOKIR138,-1.500,391FPZIE4C6421LHD2XHK73TDSBUHF,32EYX73OY1TKDFXEZAECNV1NJTYURO
3VSZWZ75JT58TEMW061XHV0FTQZ3NP,2019-07-23 12:01:51 -0700,2019-07-23 17:59:10 -0700,FeePayment,,Mechanical Turk,-0.300,391FPZIE4C6421LHD2XHK73TDSBUHF,32EYX73OY1TKDFXEZAECNV1NJTYURO
3O9MMOJOFPWD86FB34EQ68I1WOIFL2,2019-07-23 12:01:51 -0700,2019-07-23 20:56:13 -0700,AssignmentPayment,,A3F51C49T9A34D,-1.500,391FPZIE4C6421LHD2XHK73TDSBUHF,3SPJ033422NKW0Y6162SOPL95WKJYG
3A3HNIKQVFW5POKHGIUMX3C5MSNB6E,2019-07-23 12:01:51 -0700,2019-07-23 17:59:10 -0700,FeePayment,,Mechanical Turk,-0.300,391FPZIE4C6421LHD2XHK73TDSBUHF,3SPJ033422NKW0Y6162SOPL95WKJYG
386WB6DBBS21KPAGYKLUNOTIQUFI43,2019-07-23 12:01:51 -0700,2019-07-23 17:19:21 -0700,AssignmentPayment,,A30KYQGABO7JER,-1.500,391FPZIE4C6421LHD2XHK73TDSBUHF,3VA45EW49O7175E05UNOIYRLX8PO1G
3B5OJ490AK66ER069AK1YTRMKIPDPT,2019-07-23 12:01:51 -0700,2019-07-23 17:59:10 -0700,FeePayment,,Mechanical Turk,-0.300,391FPZIE4C6421LHD2XHK73TDSBUHF,3VA45EW49O7175E05UNOIYRLX8PO1G
3SHHZZKI725FZCEUH8E9KMDWMLLI6O,2019-07-23 12:01:51 -0700,2019-07-23 20:54:48 -0700,AssignmentPayment,,A3H32595TVJ34Q,-1.500,391FPZIE4C6421LHD2XHK73TDSBUHF,3XLBSAQ9Z5WRHV79WJFEZ6P2KZQZ7Q
3VJKAA4QYK9RQ4GLM2OQ3OR1L0DDRL,2019-07-23 12:01:51 -0700,2019-07-23 17:59:10 -0700,FeePayment,,Mechanical Turk,-0.300,391FPZIE4C6421LHD2XHK73TDSBUHF,3XLBSAQ9Z5WRHV79WJFEZ6P2KZQZ7Q
3H4V6HLE5OW6B17KJ1KVX9XTZ1WY08,2019-07-23 12:01:52 -0700,2019-07-23 20:45:51 -0700,AssignmentPayment,,A2435PZYVK2552,-1.500,3538U0YQ1FE0PBHS3SDGUD1GK1F3FL,3LKC68YZ3BNU86U32IC9BOHFTHCOWL
3WDL9D7JGB3N4VH538R9MG0OIUBTLT,2019-07-23 12:01:52 -0700,2019-07-23 17:59:10 -0700,FeePayment,,Mechanical Turk,-0.300,3538U0YQ1FE0PBHS3SDGUD1GK1F3FL,3LKC68YZ3BNU86U32IC9BOHFTHCOWL
3NNCC8X88J7MROXKTY071R9NCAZ570,2019-07-23 12:01:52 -0700,2019-07-23 18:58:59 -0700,AssignmentPayment,,AYYBMS4XQJ9AP,-1.500,3BFF0DJK8XWESXK8ORJ6JPOT3PLTS8,3EFVCAY5L4T5HU7OO24YPCX7CHU8J4
37593IMCPBI9SZF4PF00ERCEDDN0S3,2019-07-23 12:01:52 -0700,2019-07-23 17:59:10 -0700,FeePayment,,Mechanical Turk,-0.300,3BFF0DJK8XWESXK8ORJ6JPOT3PLTS8,3EFVCAY5L4T5HU7OO24YPCX7CHU8J4
3VWYYZAAMUD6VS681XUPEYHRTLRATN,2019-07-23 12:01:52 -0700,2019-07-23 18:43:00 -0700,AssignmentPayment,,A342YLIMT6THWO,-1.500,3BFF0DJK8XWESXK8ORJ6JPOT3PLTS8,36WLNQG780UG8CJ3DDDHJYAGFEJBEJ
3RVGK178EHU3WRW1Q9WCYBIQPP06E9,2019-07-23 12:01:52 -0700,2019-07-23 17:59:10 -0700,FeePayment,,Mechanical Turk,-0.300,3BFF0DJK8XWESXK8ORJ6JPOT3PLTS8,36WLNQG780UG8CJ3DDDHJYAGFEJBEJ
3YTVWUSOFGCEOQIPLD42QGM93UTDHI,2019-07-23 12:01:52 -0700,2019-07-23 19:59:34 -0700,AssignmentPayment,,A2IGPW784OFV3D,-1.500,3BFF0DJK8XWESXK8ORJ6JPOT3PLTS8,3DEL4X4EL75LRK3VIAHTFYTOGTGYXY
3A4GE1BB5UJYJUMJVW4NGK03INI92L,2019-07-23 12:01:52 -0700,2019-07-23 17:59:10 -0700,FeePayment,,Mechanical Turk,-0.300,3BFF0DJK8XWESXK8ORJ6JPOT3PLTS8,3DEL4X4EL75LRK3VIAHTFYTOGTGYXY
3HOJK8XK6VR3W6IWFHU5J0MQ1JIFN4,2019-07-23 12:01:52 -0700,2019-07-23 19:01:18 -0700,AssignmentPayment,,A2X97JJL3AGIB9,-1.500,3BFF0DJK8XWESXK8ORJ6JPOT3PLTS8,31LM9EDVOMCQK1USU4TH79N21BTJN1
3VRAUPG0YTBST2359XRKHH8WSNDB80,2019-07-23 12:01:52 -0700,2019-07-23 17:59:10 -0700,FeePayment,,Mechanical Turk,-0.300,3BFF0DJK8XWESXK8ORJ6JPOT3PLTS8,31LM9EDVOMCQK1USU4TH79N21BTJN1
32A4N1WZTH3D7BAYYOO9GXQ8WZGY2S,2019-07-23 12:01:53 -0700,2019-07-23 21:06:17 -0700,AssignmentPayment,,AL68ETF0OBLU4,-1.500,3538U0YQ1FE0PBHS3SDGUD1GK1F3FL,3U4J9857OFVVZX4TQ5ZBDOIZTTZ7BH
3PSI7XLF7HYDSVKQFL7OZ84DNPBTNV,2019-07-23 12:01:53 -0700,2019-07-23 17:59:10 -0700,FeePayment,,Mechanical Turk,-0.300,3538U0YQ1FE0PBHS3SDGUD1GK1F3FL,3U4J9857OFVVZX4TQ5ZBDOIZTTZ7BH
3HSLYMM0F08MA62H8M2I7XJIJPG866,2019-07-23 12:01:53 -0700,2019-07-23 17:37:43 -0700,AssignmentPayment,,A8RDXT4ZILHQT,-1.500,3538U0YQ1FE0PBHS3SDGUD1GK1F3FL,3RKNTXVS3NITX0HIIT18F1EJK80A4F
3C4F11T12JWT8CEOTDIEQF5PUNO3RD,2019-07-23 12:01:53 -0700,2019-07-23 17:59:10 -0700,FeePayment,,Mechanical Turk,-0.300,3538U0YQ1FE0PBHS3SDGUD1GK1F3FL,3RKNTXVS3NITX0HIIT18F1EJK80A4F
3RFOPKP8EM6DC9FS67VM312X6HFAX6,2019-07-23 12:01:53 -0700,2019-07-23 19:38:45 -0700,AssignmentPayment,,A2VD133723IZR8,-1.500,3D42WVSDH8F15EEGSD66K7XTT19YFJ,3ND9UOO81LMM2LR6PQWHJ7DLYD5WLC
3SEH73JB4UBFCWYNMSM3JQGIHI76II,2019-07-23 12:01:54 -0700,2019-07-23 17:59:10 -0700,FeePayment,,Mechanical Turk,-0.300,3D42WVSDH8F15EEGSD66K7XTT19YFJ,3ND9UOO81LMM2LR6PQWHJ7DLYD5WLC
327EKN7LD0QAFWDF9D7N2T2OGMXDJN,2019-07-23 12:01:53 -0700,2019-07-23 19:48:39 -0700,AssignmentPayment,,A1ICA8NIIWU3MF,-1.500,3D42WVSDH8F15EEGSD66K7XTT19YFJ,33OOO72IVI5170T6H8Y7T4GZ096TCY
3JL0PMZ4C1F8M816ZANB9ZX121E94H,2019-07-23 12:01:53 -0700,2019-07-23 17:59:10 -0700,FeePayment,,Mechanical Turk,-0.300,3D42WVSDH8F15EEGSD66K7XTT19YFJ,33OOO72IVI5170T6H8Y7T4GZ096TCY
3Y0ZPAJGPLIOB4AO8OBMSKR02G7FRS,2019-07-23 12:01:53 -0700,2019-07-23 19:26:29 -0700,AssignmentPayment,,AG9LWKO86TNHG,-1.500,3538U0YQ1FE0PBHS3SDGUD1GK1F3FL,3NS0A6KXC5SAAOIAPMJ85J2VJY7ZGJ
3VURTDY1HUYU55TIQ97PJ34FIEYBC6,2019-07-23 12:01:53 -0700,2019-07-23 17:59:10 -0700,FeePayment,,Mechanical Turk,-0.300,3538U0YQ1FE0PBHS3SDGUD1GK1F3FL,3NS0A6KXC5SAAOIAPMJ85J2VJY7ZGJ
3UR5K07GS6U1RJNGCDGHSZSIQ14FT5,2019-07-23 12:01:53 -0700,2019-07-23 18:17:29 -0700,AssignmentPayment,,A1T7EB1WEDCMXV,-1.500,3D42WVSDH8F15EEGSD66K7XTT19YFJ,352YTHGROWX87NPWOZB0WN1NX24H49
35X5802F0IR923DWM0DK9R4I3QBBEZ,2019-07-23 12:01:53 -0700,2019-07-23 17:59:10 -0700,FeePayment,,Mechanical Turk,-0.300,3D42WVSDH8F15EEGSD66K7XTT19YFJ,352YTHGROWX87NPWOZB0WN1NX24H49
30P6MK0AJC3J184SY7LQYYEIUQZNJF,2019-07-23 12:01:53 -0700,2019-07-23 20:10:26 -0700,AssignmentPayment,,A1LCK6QNWR53QI,-1.500,3538U0YQ1FE0PBHS3SDGUD1GK1F3FL,3SKEMFQBZ4P0SED66N4AQRXKR5UK8D
38H12KHWEY8XSKEFLMEOYTB4Y6QJ4M,2019-07-23 12:01:53 -0700,2019-07-23 17:59:10 -0700,FeePayment,,Mechanical Turk,-0.300,3538U0YQ1FE0PBHS3SDGUD1GK1F3FL,3SKEMFQBZ4P0SED66N4AQRXKR5UK8D
3BROYMKS0OZNAPPL227X9CN6GDCY4O,2019-07-23 12:01:54 -0700,2019-07-23 18:19:57 -0700,AssignmentPayment,,A1JJYY622DGE5L,-1.500,3D42WVSDH8F15EEGSD66K7XTT19YFJ,3Z4GS9HPNWU8XL13DONV8MW3A5Y77P
3MQ2LTCL27MDVGW3V0KG3X98N4CTPR,2019-07-23 12:01:54 -0700,2019-07-23 17:59:10 -0700,FeePayment,,Mechanical Turk,-0.300,3D42WVSDH8F15EEGSD66K7XTT19YFJ,3Z4GS9HPNWU8XL13DONV8MW3A5Y77P
3INFT7LQ9289T00A6FCN6TVJV0Q5BM,2019-07-23 12:01:54 -0700,2019-07-23 17:38:34 -0700,AssignmentPayment,,A3JGSSDEJ0AWTW,-1.500,3D42WVSDH8F15EEGSD66K7XTT19YFJ,3ZSY5X72NYVP0ADH3O23OP9Y15BOR2
3T1ST97RN3A2ZGWD9KA1BGFZJQJ0WI,2019-07-23 12:01:54 -0700,2019-07-23 17:59:10 -0700,FeePayment,,Mechanical Turk,-0.300,3D42WVSDH8F15EEGSD66K7XTT19YFJ,3ZSY5X72NYVP0ADH3O23OP9Y15BOR2
3LV7ZK55RWHGAM1FCYJ0I8FGKB2DLP,2019-07-23 12:01:54 -0700,2019-07-23 19:07:57 -0700,AssignmentPayment,,A3GEHH49HNJM57,-1.500,3TCFMTM8HE8KEER1STKQM1SUDD112C,3F0BG9B9MQ7RC5X40XDVLZG0E0E7YP
33WLDF6B8BIM1V5KIYGQ6XHFYSK962,2019-07-23 12:01:54 -0700,2019-07-23 17:59:10 -0700,FeePayment,,Mechanical Turk,-0.300,3TCFMTM8HE8KEER1STKQM1SUDD112C,3F0BG9B9MQ7RC5X40XDVLZG0E0E7YP
30MV80A14JAG4BR5H8GWTHG3NMKFVL,2019-07-23 12:01:54 -0700,2019-07-23 20:15:14 -0700,AssignmentPayment,,A29O3X7F446T1P,-1.500,3TCFMTM8HE8KEER1STKQM1SUDD112C,3FPRZHYEPZRS7S1CTANL1J0QRJYV3B
3JCSCEL3TXO7MH9NSV389UPUG6QBGG,2019-07-23 12:01:54 -0700,2019-07-23 17:59:10 -0700,FeePayment,,Mechanical Turk,-0.300,3TCFMTM8HE8KEER1STKQM1SUDD112C,3FPRZHYEPZRS7S1CTANL1J0QRJYV3B
3D5A66GSAGK23QXIANB7409NSGBI8A,2019-07-23 12:01:54 -0700,2019-07-23 17:39:20 -0700,AssignmentPayment,,A1FH90231E356N,-1.500,3TCFMTM8HE8KEER1STKQM1SUDD112C,323Q6SJS8J0I53ML8G7JNRYEMT0HFM
3RAQ50SQ15L46JTDQRTL33SJ9LADTY,2019-07-23 12:01:54 -0700,2019-07-23 17:59:10 -0700,FeePayment,,Mechanical Turk,-0.300,3TCFMTM8HE8KEER1STKQM1SUDD112C,323Q6SJS8J0I53ML8G7JNRYEMT0HFM
3RI91X5NREA2H4F77PJ70MI8EHDAZ3,2019-07-23 12:01:55 -0700,2019-07-23 19:21:23 -0700,AssignmentPayment,,A1H5AOHSC6H59,-1.500,3TCFMTM8HE8KEER1STKQM1SUDD112C,35BLDD71I7HTSL85EHIU5K556G6ZVP
36X50IG9O876IROBMV7FW6VV9MW6KT,2019-07-23 12:01:55 -0700,2019-07-23 17:59:10 -0700,FeePayment,,Mechanical Turk,-0.300,3TCFMTM8HE8KEER1STKQM1SUDD112C,35BLDD71I7HTSL85EHIU5K556G6ZVP
3EA4X4J1I2C6YM40OBZFV0J5P62DNR,2019-07-23 12:01:55 -0700,2019-07-23 19:10:23 -0700,AssignmentPayment,,A2XAEFI6S2DUU3,-1.500,3M4KL7H8KV78WFA2FVWTCE96TI316T,3KV0LJBBH35107S5Q8NQWLKT62UMRD
3OKEKM2LBPX959O8BDDOQBD64NA98O,2019-07-23 12:01:55 -0700,2019-07-23 17:59:10 -0700,FeePayment,,Mechanical Turk,-0.300,3M4KL7H8KV78WFA2FVWTCE96TI316T,3KV0LJBBH35107S5Q8NQWLKT62UMRD
3QAVBLMEKYN880W0HNHEH2DO3XSFXO,2019-07-23 12:01:55 -0700,2019-07-23 17:59:46 -0700,AssignmentPayment,,A2KB6FKENIRVWV,-1.500,3M4KL7H8KV78WFA2FVWTCE96TI316T,3AWETUDC93CO6FO5FAJBQVFBYBUIZP
36G6V2EIQV8LI8FIIJ3BU62AVJIBI8,2019-07-23 12:01:55 -0700,2019-07-23 17:59:10 -0700,FeePayment,,Mechanical Turk,-0.300,3M4KL7H8KV78WFA2FVWTCE96TI316T,3AWETUDC93CO6FO5FAJBQVFBYBUIZP
3XS1KH5XV0IRKXJJIJ7T9U88VI1KVS,2019-07-23 12:01:55 -0700,2019-07-23 19:47:42 -0700,AssignmentPayment,,A10JXOU89D5RXR,-1.500,3M4KL7H8KV78WFA2FVWTCE96TI316T,3P59JYT76M4O9I14KF91HR7DOIA2TF
3EJEDBR95EJ3DYHY8HVMA5GRWJIGG2,2019-07-23 12:01:55 -0700,2019-07-23 17:59:10 -0700,FeePayment,,Mechanical Turk,-0.300,3M4KL7H8KV78WFA2FVWTCE96TI316T,3P59JYT76M4O9I14KF91HR7DOIA2TF
3CSWZ1CQOEPFKYVDD5DIR5VZ3A4NNJ,2019-07-23 12:01:55 -0700,2019-07-23 20:53:34 -0700,AssignmentPayment,,A2SQQLID1CQUHL,-1.500,3M4KL7H8KV78WFA2FVWTCE96TI316T,3WJEQKOXA9MC51KZVBI6H37G8QGA1W
3DGFXKKDDMQYBL1HXP41F5R90SMJ8T,2019-07-23 12:01:55 -0700,2019-07-23 17:59:10 -0700,FeePayment,,Mechanical Turk,-0.300,3M4KL7H8KV78WFA2FVWTCE96TI316T,3WJEQKOXA9MC51KZVBI6H37G8QGA1W
32GE5TIAIEN9EKL511ZGRBF9PK688S,2019-07-23 12:01:56 -0700,2019-07-23 20:15:41 -0700,AssignmentPayment,,ASVRLMDNQBUD9,-1.500,3M4KL7H8KV78WFA2FVWTCE96TI316T,3VE8AYVF8NHPCSLS5CDDAE5FJC6F85
38VLWRH15486ORRGX2N9QU67I8L3TQ,2019-07-23 12:01:56 -0700,2019-07-23 17:59:10 -0700,FeePayment,,Mechanical Turk,-0.300,3M4KL7H8KV78WFA2FVWTCE96TI316T,3VE8AYVF8NHPCSLS5CDDAE5FJC6F85
3VNL13LOX1RNX8EKYZJUN2L4F868AW,2019-07-23 12:01:56 -0700,2019-07-23 20:08:43 -0700,AssignmentPayment,,A15781PHGW377Y,-1.500,3M47JKRKCXLQ7FUNEG58ROWE7O968I,3CFJTT4SXUA5M5IZWFRSZBMCOHGI7U
3EQBKRKMHHOL1JV52XNORCUSFT13V6,2019-07-23 12:01:56 -0700,2019-07-23 17:59:10 -0700,FeePayment,,Mechanical Turk,-0.300,3M47JKRKCXLQ7FUNEG58ROWE7O968I,3CFJTT4SXUA5M5IZWFRSZBMCOHGI7U
3QDGNY2TXQRXDVWFI55ZENTZBXQFZL,2019-07-23 12:01:56 -0700,2019-07-23 21:03:43 -0700,AssignmentPayment,,A3FCP4H8Y64CTP,-1.500,3M47JKRKCXLQ7FUNEG58ROWE7O968I,3ND9UOO81LMM2LR6PQWHJ7DLYCULWO
3KZUOHBGA94CO356IMON7MHNNN7BKJ,2019-07-23 12:01:56 -0700,2019-07-23 17:59:10 -0700,FeePayment,,Mechanical Turk,-0.300,3M47JKRKCXLQ7FUNEG58ROWE7O968I,3ND9UOO81LMM2LR6PQWHJ7DLYCULWO
3NG1N2HABFVJOMOEIY8BXF5TBT9KXV,2019-07-23 12:01:56 -0700,2019-07-23 20:20:49 -0700,AssignmentPayment,,AWVP6SG9JJT8H,-1.500,3M4KL7H8KV78WFA2FVWTCE96TI316T,3SB5N7Y3O4OD83CKLS6GZKZ91TJ0GR
31NSWZKO2C3H9PNTY5VPVHT7BWAGIU,2019-07-23 12:01:56 -0700,2019-07-23 17:59:10 -0700,FeePayment,,Mechanical Turk,-0.300,3M4KL7H8KV78WFA2FVWTCE96TI316T,3SB5N7Y3O4OD83CKLS6GZKZ91TJ0GR
3T4C43YM74G0ZWN56CUZ0P0947TNR7,2019-07-23 12:01:56 -0700,2019-07-23 17:49:57 -0700,AssignmentPayment,,A1Y6YA93AFCHPY,-1.500,3M47JKRKCXLQ7FUNEG58ROWE7O968I,31Q0U3WYDQZUMZM1O86M7C5Q7GV17D
3DJWW82EWND0NORUE1K6HRNSQJ7JCZ,2019-07-23 12:01:56 -0700,2019-07-23 17:59:10 -0700,FeePayment,,Mechanical Turk,-0.300,3M47JKRKCXLQ7FUNEG58ROWE7O968I,31Q0U3WYDQZUMZM1O86M7C5Q7GV17D
3B8OB0A7DS0617GD4QC7ZPO0PL3DPN,2019-07-23 12:01:57 -0700,2019-07-23 17:41:54 -0700,AssignmentPayment,,A3PIRKF57QSWMS,-1.500,3DGDV62G7OTNV6A3DVVGNXASGT6P23,3O7L7BFSHF9QVKX9JN5Y5LETA4KIEG
3HRLGW5ZQC1NOXHN8BX2M2J1UBA9AS,2019-07-23 12:01:57 -0700,2019-07-23 17:59:10 -0700,FeePayment,,Mechanical Turk,-0.300,3DGDV62G7OTNV6A3DVVGNXASGT6P23,3O7L7BFSHF9QVKX9JN5Y5LETA4KIEG
3Q19P5D1LGM6WZ72LE2P4E9ZZXDG1W,2019-07-23 12:01:57 -0700,2019-07-23 19:10:47 -0700,AssignmentPayment,,A25PFSORDO3SWQ,-1.500,3M47JKRKCXLQ7FUNEG58ROWE7O968I,3OB0CAO74I9O5U3GD6Z7CC5US43HYW
38S9LFVU60A7ER593Y13MZ9RCS2BMO,2019-07-23 12:01:57 -0700,2019-07-23 17:59:10 -0700,FeePayment,,Mechanical Turk,-0.300,3M47JKRKCXLQ7FUNEG58ROWE7O968I,3OB0CAO74I9O5U3GD6Z7CC5US43HYW
3WAQ9GYPENT262LH8IG8S7OWXHRG3O,2019-07-23 12:01:57 -0700,2019-07-23 20:11:35 -0700,AssignmentPayment,,A1KQV9A4YITCSJ,-1.500,3DGDV62G7OTNV6A3DVVGNXASGT6P23,3SKRO2GZ72BIHETL72VVBHACDZ5K1A
3NP75TRLCV0VEUQLGEGGE3YW7SHBO3,2019-07-23 12:01:57 -0700,2019-07-23 17:59:10 -0700,FeePayment,,Mechanical Turk,-0.300,3DGDV62G7OTNV6A3DVVGNXASGT6P23,3SKRO2GZ72BIHETL72VVBHACDZ5K1A
36CH2GJ6P3OGMEQX7LVL0RFII4BIAE,2019-07-23 12:01:57 -0700,2019-07-23 18:27:54 -0700,AssignmentPayment,,A27NBGO9FXJS8Q,-1.500,3M47JKRKCXLQ7FUNEG58ROWE7O968I,35K3O9HUACX6LTVJIFZD2O11UE5FE3
3X5GT0VBDI1JJBX2VMT04LG466QDVE,2019-07-23 12:01:57 -0700,2019-07-23 17:59:10 -0700,FeePayment,,Mechanical Turk,-0.300,3M47JKRKCXLQ7FUNEG58ROWE7O968I,35K3O9HUACX6LTVJIFZD2O11UE5FE3
3NJMZFXPO7Z8THOTJGWWU0L4JT7KZS,2019-07-23 12:01:57 -0700,2019-07-23 17:53:34 -0700,AssignmentPayment,,AAF1SJ9FCBF75,-1.500,3DGDV62G7OTNV6A3DVVGNXASGT6P23,3DI28L7YXBYFVE1BBGKSDMX7T2D1EB
3F6GPEHMMQZ8FKDHY8G18X8K30ZGK5,2019-07-23 12:01:57 -0700,2019-07-23 17:59:10 -0700,FeePayment,,Mechanical Turk,-0.300,3DGDV62G7OTNV6A3DVVGNXASGT6P23,3DI28L7YXBYFVE1BBGKSDMX7T2D1EB
3EXI7M8UNLW28XYUKB3T1JJJYL25DT,2019-07-23 12:01:58 -0700,2019-07-23 17:24:58 -0700,AssignmentPayment,,AHBWX3WYMAB0E,-1.500,3DGDV62G7OTNV6A3DVVGNXASGT6P23,3VHHR074H417C6Q5HIO5RRE45MG7L5
3H1VELK72G26OLRDOLSPWD0FUYJ0YH,2019-07-23 12:01:58 -0700,2019-07-23 17:59:10 -0700,FeePayment,,Mechanical Turk,-0.300,3DGDV62G7OTNV6A3DVVGNXASGT6P23,3VHHR074H417C6Q5HIO5RRE45MG7L5
32JV4H0B1FABQNBIIDFLTXBSFBR8CY,2019-07-23 12:01:58 -0700,2019-07-23 21:03:22 -0700,AssignmentPayment,,A2T974CBTMP1AT,-1.500,3DGDV62G7OTNV6A3DVVGNXASGT6P23,3W92K5RLWV1VL7OG7TBEGGYA5GH5V5
34EBNCWZXW1D58002CO6FXRDV493X9,2019-07-23 12:01:58 -0700,2019-07-23 17:59:10 -0700,FeePayment,,Mechanical Turk,-0.300,3DGDV62G7OTNV6A3DVVGNXASGT6P23,3W92K5RLWV1VL7OG7TBEGGYA5GH5V5
3VMK265X1S3RDKWSHIGW4KOFQ3RDRF,2019-07-23 12:01:58 -0700,2019-07-23 18:15:35 -0700,AssignmentPayment,,A2FL477TMKC91L,-1.500,3DGDV62G7OTNV6A3DVVGNXASGT6P23,3A0EX8ZRN98EEH0UDEPBQ12WXSVBY9
3ONVJAKMUQKBHCELSPTTSX9PUEV9CU,2019-07-23 12:01:58 -0700,2019-07-23 17:59:10 -0700,FeePayment,,Mechanical Turk,-0.300,3DGDV62G7OTNV6A3DVVGNXASGT6P23,3A0EX8ZRN98EEH0UDEPBQ12WXSVBY9
3PVIZTMMAPSDFB0XA1ZU041RSSQNTK,2019-07-23 12:01:58 -0700,2019-07-23 18:58:26 -0700,AssignmentPayment,,AWIYSXEA51PFZ,-1.500,3DGDV62G7OTNV6A3DVVGNXASGT6P23,3KMS4QQVK3A97TNTE1AG0JE6EAPFK9
3NMABV6SFB6FKMB8ASQ17FNVBVKJES,2019-07-23 12:01:58 -0700,2019-07-23 17:59:10 -0700,FeePayment,,Mechanical Turk,-0.300,3DGDV62G7OTNV6A3DVVGNXASGT6P23,3KMS4QQVK3A97TNTE1AG0JE6EAPFK9
3W1EEYJT3D65FJ9H3V6FUNFMWDSA0F,2019-07-23 18:24:36 -0700,2019-07-24 01:33:12 -0700,AssignmentPayment,,A20PV3RB3I0W8S,-1.500,3B0MCRZMBREJNDB9FT6SJAILR4QPPK,3VNXK88KKD2EMUQSAJOVSW3CRG69VE
3JXDJ3MGZJKLJT6F2C9BJ0UA3UO5LK,2019-07-23 18:24:36 -0700,2019-07-24 00:57:29 -0700,FeePayment,,Mechanical Turk,-0.300,3B0MCRZMBREJNDB9FT6SJAILR4QPPK,3VNXK88KKD2EMUQSAJOVSW3CRG69VE
34PXQBSK21F8UAPA4R62MYPV4SNKMF,2019-07-23 18:24:37 -0700,2019-07-24 00:16:20 -0700,AssignmentPayment,,A36XG2BJZH6ZKJ,-1.500,3P6ENY9P79GZTAQHJL8314FIJZLHIV,3PMBY0YE28NINLKSJ2TQ24FN6AX9CO
3OCPVFXLSENKK56XFERS4S3YYJXG74,2019-07-23 18:24:37 -0700,2019-07-24 00:57:29 -0700,FeePayment,,Mechanical Turk,-0.300,3P6ENY9P79GZTAQHJL8314FIJZLHIV,3PMBY0YE28NINLKSJ2TQ24FN6AX9CO
3WAP3115DRY65UV1C2OPY2XYZEPCLT,2019-07-23 18:24:37 -0700,2019-07-24 02:54:08 -0700,AssignmentPayment,,A2UVJMJV1EOH9X,-1.500,3P6ENY9P79GZTAQHJL8314FIJZLHIV,3QL2OFSM9723CNOMKCCVK5A7BY7CNH
3HPL6QLTCSEMNQMAD6AC61M4FP186I,2019-07-23 18:24:37 -0700,2019-07-24 00:57:29 -0700,FeePayment,,Mechanical Turk,-0.300,3P6ENY9P79GZTAQHJL8314FIJZLHIV,3QL2OFSM9723CNOMKCCVK5A7BY7CNH
3O8BQTJ28WHRN7T11R8YTQI18U5JI1,2019-07-23 18:24:37 -0700,2019-07-24 01:20:00 -0700,AssignmentPayment,,AAUXQDLH9Z1YS,-1.500,3ZXV7Q5FJB8O2BDBWLOHNG5AQFOCFQ,3IAS3U3I0G0ODW7NKTIGHX1RIIM2BF
30OMH6SZ1A7W5M9F2IIK9QR6S2DF31,2019-07-23 18:24:37 -0700,2019-07-24 00:57:29 -0700,FeePayment,,Mechanical Turk,-0.300,3ZXV7Q5FJB8O2BDBWLOHNG5AQFOCFQ,3IAS3U3I0G0ODW7NKTIGHX1RIIM2BF
3RYGCX8FHPO3J7C8LPOIZ7F4UVFE6I,2019-07-23 18:24:37 -0700,2019-07-24 02:04:54 -0700,AssignmentPayment,,A191S6OYAK1N2Q,-1.500,3P6ENY9P79GZTAQHJL8314FIJZLHIV,3SNVL38CI5C24H3JNZKFSDT3H32CKC
3S2LMS37XX7FNE34AMJOHS8BVIZ9R8,2019-07-23 18:24:37 -0700,2019-07-24 00:57:29 -0700,FeePayment,,Mechanical Turk,-0.300,3P6ENY9P79GZTAQHJL8314FIJZLHIV,3SNVL38CI5C24H3JNZKFSDT3H32CKC
374XSLA0YKV64OQ4CD1GWPVICJOEUZ,2019-07-25 15:22:10 -0700,2019-07-25 15:22:10 -0700,Prepayment,Visa (last 4 digits: 4989),A2JDJL3FQ56GO1,50.000,,
30SBDCIHXSV5MCKWNHDQFDY4EGB71S,2019-07-25 15:40:22 -0700,2019-07-25 15:40:22 -0700,Prepayment,Visa (last 4 digits: 4989),A2JDJL3FQ56GO1,100.000,,
3SK8BLWOWOX5AEZV771QJVFNJBCUUE,2019-07-25 07:15:05 -0700,2019-07-25 12:50:47 -0700,AssignmentPayment,,A2QDDLYUVVCB6J,-1.500,3BS6ERDL93R2OAQEVOGODGAFIISD6N,3Q8GYXHFEQMZMYIGGCG9QOALLJJC5G
3KX323Y34V3OCNFH0TUGMYKH21DQFF,2019-07-25 07:15:05 -0700,2019-07-25 14:37:35 -0700,FeePayment,,Mechanical Turk,-0.300,3BS6ERDL93R2OAQEVOGODGAFIISD6N,3Q8GYXHFEQMZMYIGGCG9QOALLJJC5G
3QA9KECZ2BM75JJBNXMZAKSURPQGT9,2019-07-25 07:15:06 -0700,2019-07-25 13:12:04 -0700,AssignmentPayment,,A2CA2CUWD2BH07,-1.500,3BS6ERDL93R2OAQEVOGODGAFIISD6N,34HJIJKLP6GDPOKGTOS4BOSW5TR4VM
3CMQQWLJ0WWSC852009FKBA0MLXCEE,2019-07-25 07:15:06 -0700,2019-07-25 14:37:35 -0700,FeePayment,,Mechanical Turk,-0.300,3BS6ERDL93R2OAQEVOGODGAFIISD6N,34HJIJKLP6GDPOKGTOS4BOSW5TR4VM
3SZBSUNOBBQU8S6W3YKCCFI8020LX3,2019-07-25 07:15:06 -0700,2019-07-25 12:05:06 -0700,AssignmentPayment,,A1M40RACC8SUOX,-1.500,3BS6ERDL93R2OAQEVOGODGAFIISD6N,340UGXU9DZLC6MEV8UJMOSQQ592UVT
3KRSA43Y749V9LI4IBD7GH58R69HI1,2019-07-25 07:15:06 -0700,2019-07-25 14:37:35 -0700,FeePayment,,Mechanical Turk,-0.300,3BS6ERDL93R2OAQEVOGODGAFIISD6N,340UGXU9DZLC6MEV8UJMOSQQ592UVT
3S2W4733O3UJDN6B4G8X90YJ82YLZ0,2019-07-25 07:15:06 -0700,2019-07-25 12:00:03 -0700,AssignmentPayment,,A3UF6XXFFRR237,-1.500,36QZ6V1589XTSAZXOW9GOLAVM7KSUY,3YT88D1N09IERH70U69EZAP9BVL3KB
3YAG3J0WRI5MFG8SIEYJTXKLJAYHKC,2019-07-25 07:15:06 -0700,2019-07-25 14:37:35 -0700,FeePayment,,Mechanical Turk,-0.300,36QZ6V1589XTSAZXOW9GOLAVM7KSUY,3YT88D1N09IERH70U69EZAP9BVL3KB
3YWII3UHIOMIHHNH7RUCFE0EUQKROU,2019-07-25 07:15:06 -0700,2019-07-25 14:14:33 -0700,AssignmentPayment,,A30FIJIJ2IJPAD,-1.500,3BS6ERDL93R2OAQEVOGODGAFIISD6N,3634BBTX0PEI1YX5EYP4N3ZTNK2IFW
3BQ5HQHBE7GU8GBCHF278831USVN9X,2019-07-25 07:15:06 -0700,2019-07-25 14:37:35 -0700,FeePayment,,Mechanical Turk,-0.300,3BS6ERDL93R2OAQEVOGODGAFIISD6N,3634BBTX0PEI1YX5EYP4N3ZTNK2IFW
3NAWBOH094CI2IO027GR1J0K4RNUWD,2019-07-25 07:15:06 -0700,2019-07-25 11:29:35 -0700,AssignmentPayment,,A1CBXN2AK2G1EB,-1.500,3BS6ERDL93R2OAQEVOGODGAFIISD6N,3V0Z7YWSIZK3MA5TPA9GI9VYMKB2VF
3ZK7GMMWJS18QJ6NVJIGPJWUIGQQHD,2019-07-25 07:15:06 -0700,2019-07-25 14:37:35 -0700,FeePayment,,Mechanical Turk,-0.300,3BS6ERDL93R2OAQEVOGODGAFIISD6N,3V0Z7YWSIZK3MA5TPA9GI9VYMKB2VF
3RRFY9VRDV3VLODJR2COJ2KJAK8CKQ,2019-07-25 07:15:06 -0700,2019-07-25 13:04:47 -0700,AssignmentPayment,,ATN07GFZ7CKKU,-1.500,36QZ6V1589XTSAZXOW9GOLAVM7KSUY,3TDXMTX3CCEMI54UD5M0TXMGTIA6IL
3P6JKJLMN7WQ4MMW8N07EV84J1E854,2019-07-25 07:15:06 -0700,2019-07-25 14:37:35 -0700,FeePayment,,Mechanical Turk,-0.300,36QZ6V1589XTSAZXOW9GOLAVM7KSUY,3TDXMTX3CCEMI54UD5M0TXMGTIA6IL
3IRAYSSUOVXT7C3ZF9ZJMPOCNU12LD,2019-07-25 07:15:06 -0700,2019-07-25 13:55:00 -0700,AssignmentPayment,,A1PLQGQ95NICAF,-1.500,36QZ6V1589XTSAZXOW9GOLAVM7KSUY,3ZSY5X72NYVP0ADH3O23OP9Y1ENORW
3VZ9UJQSTQ812WDSQA865EA68BSY6O,2019-07-25 07:15:06 -0700,2019-07-25 14:37:35 -0700,FeePayment,,Mechanical Turk,-0.300,36QZ6V1589XTSAZXOW9GOLAVM7KSUY,3ZSY5X72NYVP0ADH3O23OP9Y1ENORW
3FRWC3RKV9Y830D1KGL59OGU4RRPA0,2019-07-25 07:15:07 -0700,2019-07-25 12:51:40 -0700,AssignmentPayment,,AE8D7P8L2WSNG,-1.500,36QZ6V1589XTSAZXOW9GOLAVM7KSUY,3Y5140Z9DY0USBMZS1L9ZXDXON8IPB
3XP1SL4QSSORXH3CN3FN8YBURP8KV4,2019-07-25 07:15:07 -0700,2019-07-25 14:37:35 -0700,FeePayment,,Mechanical Turk,-0.300,36QZ6V1589XTSAZXOW9GOLAVM7KSUY,3Y5140Z9DY0USBMZS1L9ZXDXON8IPB
3W5Z8EFKEO2MIBN0SSMEB2GFOA6GVP,2019-07-25 07:15:07 -0700,2019-07-25 14:36:39 -0700,AssignmentPayment,,A2HTAZR4WIGMCA,-1.500,36QZ6V1589XTSAZXOW9GOLAVM7KSUY,3PMBY0YE28NINLKSJ2TQ24FN7F1C96
3Q1DUA47TBTQWM1T6VZ3KEVCZ1CCGV,2019-07-25 07:15:07 -0700,2019-07-25 14:37:35 -0700,FeePayment,,Mechanical Turk,-0.300,36QZ6V1589XTSAZXOW9GOLAVM7KSUY,3PMBY0YE28NINLKSJ2TQ24FN7F1C96
3MTZBZRXU3FEM0SVS7NWZND04LEGXS,2019-07-25 07:15:07 -0700,2019-07-25 13:23:12 -0700,AssignmentPayment,,AHEEMGVMGEMEQ,-1.500,3CMIQF80GNAWDJUJ0AM8DFHE1XHQ65,30LB5CDZNDUDZK7PBKU5KRFFCSQ0ZB
3D5RDYXMQ9D4SD7OWJZ65Q8SEE4CIN,2019-07-25 07:15:07 -0700,2019-07-25 14:37:35 -0700,FeePayment,,Mechanical Turk,-0.300,3CMIQF80GNAWDJUJ0AM8DFHE1XHQ65,30LB5CDZNDUDZK7PBKU5KRFFCSQ0ZB
3WGWEU0C8CML2T0XM4MG4JVE9R2RQ2,2019-07-25 07:15:07 -0700,2019-07-25 13:18:40 -0700,AssignmentPayment,,AC1VR0OO1GIN9,-1.500,36QZ6V1589XTSAZXOW9GOLAVM7KSUY,3G5W44VEU82FLTJOPLGYI4EIG1KGKT
3IX1RTVQ1BUDW9Q9FZG3ZEYRISYNB7,2019-07-25 07:15:07 -0700,2019-07-25 14:37:35 -0700,FeePayment,,Mechanical Turk,-0.300,36QZ6V1589XTSAZXOW9GOLAVM7KSUY,3G5W44VEU82FLTJOPLGYI4EIG1KGKT
3BAZW0UGOH4MRNJ0H8YFMGL0FZNUYC,2019-07-25 07:15:07 -0700,2019-07-25 14:32:49 -0700,AssignmentPayment,,A2CBMTQZ2AF301,-1.500,36QZ6V1589XTSAZXOW9GOLAVM7KSUY,3I7DHKZYGOK6PA2Q7E6AYUVOHV3F5J
33YQ4F1THCF4HP1DJJL11WC9V8UQJI,2019-07-25 07:15:07 -0700,2019-07-25 14:37:35 -0700,FeePayment,,Mechanical Turk,-0.300,36QZ6V1589XTSAZXOW9GOLAVM7KSUY,3I7DHKZYGOK6PA2Q7E6AYUVOHV3F5J
3GTJSA5AID4Q5T20VHDFSAZU8ZHYC7,2019-07-25 07:15:07 -0700,2019-07-25 13:01:38 -0700,AssignmentPayment,,ATDLGSQ11C6OF,-1.500,36QZ6V1589XTSAZXOW9GOLAVM7KSUY,3D4CH1LGEBDV4X0XLOP9SV0246J9G0
3YEUYAA9LKUI4PYUHRUXXAVBQD9TXO,2019-07-25 07:15:07 -0700,2019-07-25 14:37:35 -0700,FeePayment,,Mechanical Turk,-0.300,36QZ6V1589XTSAZXOW9GOLAVM7KSUY,3D4CH1LGEBDV4X0XLOP9SV0246J9G0
3B67WC6QF1SJVC6KRMFYZHS1SP12NF,2019-07-25 07:15:07 -0700,2019-07-25 12:17:56 -0700,AssignmentPayment,,A2BRZKFG6WAVER,-1.500,36QZ6V1589XTSAZXOW9GOLAVM7KSUY,3W92K5RLWV1VL7OG7TBEGGYA6Q05V9
3GN21QM2W4NO6AWGJP54PS6XE6IY8A,2019-07-25 07:15:07 -0700,2019-07-25 14:37:35 -0700,FeePayment,,Mechanical Turk,-0.300,36QZ6V1589XTSAZXOW9GOLAVM7KSUY,3W92K5RLWV1VL7OG7TBEGGYA6Q05V9
3MN6FH67ZNHWWFAZ4UHWFJ6I4UCPC2,2019-07-25 07:15:08 -0700,2019-07-25 13:19:21 -0700,AssignmentPayment,,A36ESW7AECVHK3,-1.500,3CMIQF80GNAWDJUJ0AM8DFHE1XHQ65,3Z4AIRP3C7XO1ESS6LAK1BIEANPX1C
3ND1V6G3871J1687NIG5WJ8F70GKX7,2019-07-25 07:15:08 -0700,2019-07-25 14:37:35 -0700,FeePayment,,Mechanical Turk,-0.300,3CMIQF80GNAWDJUJ0AM8DFHE1XHQ65,3Z4AIRP3C7XO1ESS6LAK1BIEANPX1C
3FHQY6NSYJ86O93OWH0KHJTWVSBM1E,2019-07-25 07:15:08 -0700,2019-07-25 11:52:03 -0700,AssignmentPayment,,A2RBVMD2HTBCZ9,-1.500,3CMIQF80GNAWDJUJ0AM8DFHE1XHQ65,3EG49X351VWJ80TPCRM1W79VIXF6XR
3M3V0HKAN9BH548V3QBZ8ACP8FTHMH,2019-07-25 07:15:08 -0700,2019-07-25 14:37:35 -0700,FeePayment,,Mechanical Turk,-0.300,3CMIQF80GNAWDJUJ0AM8DFHE1XHQ65,3EG49X351VWJ80TPCRM1W79VIXF6XR
3LQ7IH8GRQF2YCH3JLE35C8TTCPM36,2019-07-25 07:15:08 -0700,2019-07-25 13:50:32 -0700,AssignmentPayment,,AXKTYKCT9NGHS,-1.500,3CMIQF80GNAWDJUJ0AM8DFHE1XHQ65,37WLF8U1WQADO0UID87C6D1TMQJK63
310TKVG1T41557T7G6QC0E1U3F8HOW,2019-07-25 07:15:08 -0700,2019-07-25 14:37:35 -0700,FeePayment,,Mechanical Turk,-0.300,3CMIQF80GNAWDJUJ0AM8DFHE1XHQ65,37WLF8U1WQADO0UID87C6D1TMQJK63
3ACNKPQ08F7XF9FAE8BLZJAFRFNRSR,2019-07-25 07:15:08 -0700,2019-07-25 11:13:22 -0700,AssignmentPayment,,A1WUUMMSMWPWHA,-1.500,3CMIQF80GNAWDJUJ0AM8DFHE1XHQ65,3N2BF7Y2VREOBDE2U3BWIHINK6SMH3
3E7458IUFUI6B6OTTV79U4MRLDANDE,2019-07-25 07:15:08 -0700,2019-07-25 14:37:35 -0700,FeePayment,,Mechanical Turk,-0.300,3CMIQF80GNAWDJUJ0AM8DFHE1XHQ65,3N2BF7Y2VREOBDE2U3BWIHINK6SMH3
39YA3K8MPW4P77CFEQXBQATZHTHV01,2019-07-25 07:15:08 -0700,2019-07-25 11:43:42 -0700,AssignmentPayment,,A1SDMC8XFKJTEN,-1.500,3CMIQF80GNAWDJUJ0AM8DFHE1XHQ65,3JRJSWSMQI5B5HFQYKYB1FC4RY13E3
3MMJJCZDV86ACFPDM4XEHBP1ZXZQLK,2019-07-25 07:15:08 -0700,2019-07-25 14:37:35 -0700,FeePayment,,Mechanical Turk,-0.300,3CMIQF80GNAWDJUJ0AM8DFHE1XHQ65,3JRJSWSMQI5B5HFQYKYB1FC4RY13E3
3QWX7X9O11X52RMER8JAIYZXTBUYE0,2019-07-25 07:15:08 -0700,2019-07-25 12:27:10 -0700,AssignmentPayment,,A1SQG9MJDO7OPM,-1.500,3CMIQF80GNAWDJUJ0AM8DFHE1XHQ65,3HMVI3QICKCD1JI2BHWMKPPNBQLY1E
3YHFANQOYCY79KY9I9IIUVBMYD7TZL,2019-07-25 07:15:08 -0700,2019-07-25 14:37:35 -0700,FeePayment,,Mechanical Turk,-0.300,3CMIQF80GNAWDJUJ0AM8DFHE1XHQ65,3HMVI3QICKCD1JI2BHWMKPPNBQLY1E
34BKBBSCUGU3M5I5X39YI1K96R9YGH,2019-07-25 07:15:08 -0700,2019-07-25 11:51:08 -0700,AssignmentPayment,,AZOV5QBQK3B8L,-1.500,3CMIQF80GNAWDJUJ0AM8DFHE1XHQ65,3MHW492WW1XTTE9MZSS0XI9WSM7VM8
3XXOIYEYC92PE1SQA3Z07XDC4C1U1O,2019-07-25 07:15:08 -0700,2019-07-25 14:37:35 -0700,FeePayment,,Mechanical Turk,-0.300,3CMIQF80GNAWDJUJ0AM8DFHE1XHQ65,3MHW492WW1XTTE9MZSS0XI9WSM7VM8
31IIADQ3TRKDUM7E3D6LEKS3CC8RU7,2019-07-25 07:15:09 -0700,2019-07-25 13:10:47 -0700,AssignmentPayment,,A2ZFU8SZW3KF0M,-1.500,3CMIQF80GNAWDJUJ0AM8DFHE1XHQ65,337RC3OW06M9NWR1ZGRLX5U7SK2LVN
3HLJSCWD3NX39Q2PK12ZI4PCXQQNFP,2019-07-25 07:15:09 -0700,2019-07-25 14:37:35 -0700,FeePayment,,Mechanical Turk,-0.300,3CMIQF80GNAWDJUJ0AM8DFHE1XHQ65,337RC3OW06M9NWR1ZGRLX5U7SK2LVN
3D5N8T6GIE6KSQDXB22SPQMFEQX1IX,2019-07-26 10:59:47 -0700,2019-07-26 12:32:21 -0700,AssignmentPayment,,APDDA1Y59RHV9,-1.500,337F8MIIMZXUA3L60OZE1B6IS5N04C,3NVC2EB65RJ9BMWHYLA58I4KAJ43YZ
34EBNCWZXW1D58002CO6FXRDWK0X3R,2019-07-26 10:59:47 -0700,2019-07-26 13:35:15 -0700,FeePayment,,Mechanical Turk,-0.300,337F8MIIMZXUA3L60OZE1B6IS5N04C,3NVC2EB65RJ9BMWHYLA58I4KAJ43YZ
3IGQ8PP752U4AQVI01CRBIBDDYXA5K,2019-07-26 10:59:47 -0700,2019-07-26 13:13:40 -0700,AssignmentPayment,,A3PFB892WE3BV5,-1.500,337F8MIIMZXUA3L60OZE1B6IS5N04C,336KAV9KYRCKQ40YULW0P8ZS45MY21
3FOURE22RXLWAQMSUHH70MT4DD55QT,2019-07-26 10:59:47 -0700,2019-07-26 13:35:15 -0700,FeePayment,,Mechanical Turk,-0.300,337F8MIIMZXUA3L60OZE1B6IS5N04C,336KAV9KYRCKQ40YULW0P8ZS45MY21
3JZKYPYQCTWUHE25UBFZNAB9ZXARMY,2019-07-26 10:59:48 -0700,2019-07-26 14:28:52 -0700,AssignmentPayment,,A2RH621WK2VZJ0,-1.500,3VMHWJRYHV0C59O6NHK41TQKR2GXFR,3U5NZHP4LSMUWGBFMJ3OZLCIPJ1PHG
3NXYAU780STQUXNJ2I4NUCCVZ8CN72,2019-07-26 10:59:48 -0700,2019-07-26 13:35:15 -0700,FeePayment,,Mechanical Turk,-0.300,3VMHWJRYHV0C59O6NHK41TQKR2GXFR,3U5NZHP4LSMUWGBFMJ3OZLCIPJ1PHG
38TUNLZ38DBQNG96CSLLALV4EBJTVU,2019-07-26 10:59:48 -0700,2019-07-26 12:31:29 -0700,AssignmentPayment,,AZNFEOC5WRHZP,-1.500,3VMHWJRYHV0C59O6NHK41TQKR2GXFR,3DEL4X4EL75LRK3VIAHTFYTOHEAXYY
3A276MS28ID9QBAXB0L94EUJYQWPG3,2019-07-26 10:59:48 -0700,2019-07-26 13:35:15 -0700,FeePayment,,Mechanical Turk,-0.300,3VMHWJRYHV0C59O6NHK41TQKR2GXFR,3DEL4X4EL75LRK3VIAHTFYTOHEAXYY
3BAZW0UGOH4MRNJ0H8YFMGL0F6SYUZ,2019-07-26 10:59:48 -0700,2019-07-26 11:23:46 -0700,AssignmentPayment,,A1KLM658JA6W3V,-1.500,3VMHWJRYHV0C59O6NHK41TQKR2GXFR,32XVDSJFP0HKWNBKBI8PVDCLVW4M2X
3PZPYMOUPA1G4GMYH2ELWZH65SOUF5,2019-07-26 10:59:48 -0700,2019-07-26 13:35:15 -0700,FeePayment,,Mechanical Turk,-0.300,3VMHWJRYHV0C59O6NHK41TQKR2GXFR,32XVDSJFP0HKWNBKBI8PVDCLVW4M2X
31V2NJMXNJFQE3DC3WF8RQZ5Z894S5,2019-07-26 10:59:48 -0700,2019-07-26 12:52:09 -0700,AssignmentPayment,,A3AGU4FBSDDVYS,-1.500,3VMHWJRYHV0C59O6NHK41TQKR2GXFR,3ND9UOO81LMM2LR6PQWHJ7DLZWLWLV
3SF6LZ19IOE3QAWMSP5BJSQEDQ50DY,2019-07-26 10:59:48 -0700,2019-07-26 13:35:15 -0700,FeePayment,,Mechanical Turk,-0.300,3VMHWJRYHV0C59O6NHK41TQKR2GXFR,3ND9UOO81LMM2LR6PQWHJ7DLZWLWLV
3S1XD7M08VS6TG5GS1A86RHTK5U4UL,2019-07-26 10:59:48 -0700,2019-07-26 12:33:26 -0700,AssignmentPayment,,A2U66Y6NEEHXET,-1.500,3VMHWJRYHV0C59O6NHK41TQKR2GXFR,31LM9EDVOMCQK1USU4TH79N22XWNJH
3VTL83FS6HT0OUAIJV017STZP3L0F9,2019-07-26 10:59:48 -0700,2019-07-26 13:35:15 -0700,FeePayment,,Mechanical Turk,-0.300,3VMHWJRYHV0C59O6NHK41TQKR2GXFR,31LM9EDVOMCQK1USU4TH79N22XWNJH
3H1YVIBM4TU58QU5BKDDYTF5XIT6TH,2019-07-26 10:59:48 -0700,2019-07-26 12:14:44 -0700,AssignmentPayment,,A57TOR5VOB0L1,-1.500,3VMHWJRYHV0C59O6NHK41TQKR2GXFR,374TNBHA8CF1IN2JWWM1LQXVKA8YQL
3Y3BLNC8B0VFEQD037K98Y1EA0Q2ED,2019-07-26 10:59:48 -0700,2019-07-26 13:35:15 -0700,FeePayment,,Mechanical Turk,-0.300,3VMHWJRYHV0C59O6NHK41TQKR2GXFR,374TNBHA8CF1IN2JWWM1LQXVKA8YQL
3T1E1WW3F58JXU91OURO92P944SA7Z,2019-07-26 10:59:48 -0700,2019-07-26 14:25:08 -0700,AssignmentPayment,,AQ7UJZCJY2XT4,-1.500,3VMHWJRYHV0C59O6NHK41TQKR2GXFR,3IUZPWIU1PRBIF9O4QKG4706AWGWKS
3TKLX9SQR068N615ML6CVM85V1Q5SI,2019-07-26 10:59:48 -0700,2019-07-26 13:35:15 -0700,FeePayment,,Mechanical Turk,-0.300,3VMHWJRYHV0C59O6NHK41TQKR2GXFR,3IUZPWIU1PRBIF9O4QKG4706AWGWKS
3YHUQ6BGOSOIR5E1C7M3Y6SPUMRTXX,2019-07-26 10:59:49 -0700,2019-07-26 13:21:59 -0700,AssignmentPayment,,AAGM1NIJCMFSS,-1.500,3VMHWJRYHV0C59O6NHK41TQKR2GXFR,3A1PQ49WVI1RFOSD1HSYYPUKM6I1HH
3X6LPALH5GXNM2GS1OLCPQ7ZD3OPIV,2019-07-26 10:59:49 -0700,2019-07-26 13:35:15 -0700,FeePayment,,Mechanical Turk,-0.300,3VMHWJRYHV0C59O6NHK41TQKR2GXFR,3A1PQ49WVI1RFOSD1HSYYPUKM6I1HH
3YKF2JRV1KS7W0EGDPAOVR802MPTZU,2019-07-26 10:59:49 -0700,2019-07-26 11:59:12 -0700,AssignmentPayment,,A1L6D082DPMF3N,-1.500,3EFNPKWBMS89S7220AUVR6ECE5R03R,3OVR4I9USQ3LKGOZ7PYU51TOPAOQ49
3BP9IPIFPUTESX6G1R6O26MC57DPK6,2019-07-26 10:59:49 -0700,2019-07-26 13:35:15 -0700,FeePayment,,Mechanical Turk,-0.300,3EFNPKWBMS89S7220AUVR6ECE5R03R,3OVR4I9USQ3LKGOZ7PYU51TOPAOQ49
3YU2T620L5RIFXD07XQWX523I51WVN,2019-07-26 10:59:49 -0700,2019-07-26 13:49:41 -0700,AssignmentPayment,,A3D280LV3CY56C,-1.500,3VMHWJRYHV0C59O6NHK41TQKR2GXFR,3UNH76FOCTPAX84R43FK4HDQAB4MYJ
3UCY8CTAE3G633QP3HP3ZJZULA3SGM,2019-07-26 10:59:49 -0700,2019-07-26 13:35:15 -0700,FeePayment,,Mechanical Turk,-0.300,3VMHWJRYHV0C59O6NHK41TQKR2GXFR,3UNH76FOCTPAX84R43FK4HDQAB4MYJ
3ROB183E2S2BYL3LB5N4261S6UM1K8,2019-07-26 10:59:49 -0700,2019-07-26 14:31:18 -0700,AssignmentPayment,,A2QYLT4M50CD3E,-1.500,3EFNPKWBMS89S7220AUVR6ECE5R03R,36DSNE9QZ6I82MU4VJTUMYN7S67OJ1
3LYM80P64SBGJNN4GVCZUUPXAGRX5H,2019-07-26 10:59:49 -0700,2019-07-26 13:35:15 -0700,FeePayment,,Mechanical Turk,-0.300,3EFNPKWBMS89S7220AUVR6ECE5R03R,36DSNE9QZ6I82MU4VJTUMYN7S67OJ1
3NRLDA7CLB7JLKULN1P9OF2Q5L54WK,2019-07-26 10:59:49 -0700,2019-07-26 12:33:08 -0700,AssignmentPayment,,A1R8A8BK2VN7RH,-1.500,3EFNPKWBMS89S7220AUVR6ECE5R03R,3907X2AHF1PQHQ8X3Y0HCH6G0042PW
3AGPMM3LLERK2Q1OELO1AD5C5IY0H7,2019-07-26 10:59:49 -0700,2019-07-26 13:35:15 -0700,FeePayment,,Mechanical Turk,-0.300,3EFNPKWBMS89S7220AUVR6ECE5R03R,3907X2AHF1PQHQ8X3Y0HCH6G0042PW
3X0OAUF5FHWP1H8X5JR68TAQ8LJU1X,2019-07-26 10:59:50 -0700,2019-07-26 12:12:43 -0700,AssignmentPayment,,A3C2BBS78HKHUM,-1.500,3EFNPKWBMS89S7220AUVR6ECE5R03R,3FPRZHYEPZRS7S1CTANL1J0QS20V3G
3ZIOFN2TLLZ9IL6JM3J4HJEGUC8PMB,2019-07-26 10:59:50 -0700,2019-07-26 13:35:15 -0700,FeePayment,,Mechanical Turk,-0.300,3EFNPKWBMS89S7220AUVR6ECE5R03R,3FPRZHYEPZRS7S1CTANL1J0QS20V3G
3395U50T8O3LBKMCSN5PWMPN65XU3P,2019-07-26 10:59:50 -0700,2019-07-26 12:15:38 -0700,AssignmentPayment,,ARBGKTKGCERUB,-1.500,3EFNPKWBMS89S7220AUVR6ECE5R03R,3Z7ISHFUH1FVH9CS6O7KD6LXW1ZZ8H
3EFMZ1YKRGPXIORVZJYH9N3LPCNPOQ,2019-07-26 10:59:50 -0700,2019-07-26 13:35:15 -0700,FeePayment,,Mechanical Turk,-0.300,3EFNPKWBMS89S7220AUVR6ECE5R03R,3Z7ISHFUH1FVH9CS6O7KD6LXW1ZZ8H
3OI2WRED1K4AJMIV7CRELQZOYG9WXQ,2019-07-26 10:59:50 -0700,2019-07-26 14:18:57 -0700,AssignmentPayment,,A3IKXWJKHW1XWC,-1.500,3EFNPKWBMS89S7220AUVR6ECE5R03R,3SLE99ER0OXEJ7AZ90RU48BY46RZBL
3HGCR0MPB10KZUWKT5P6KVCA0NVSIE,2019-07-26 10:59:50 -0700,2019-07-26 13:35:15 -0700,FeePayment,,Mechanical Turk,-0.300,3EFNPKWBMS89S7220AUVR6ECE5R03R,3SLE99ER0OXEJ7AZ90RU48BY46RZBL
3FHQY6NSYJ86O93OWH0KHJTWVZH1MD,2019-07-26 10:59:50 -0700,2019-07-26 12:29:13 -0700,AssignmentPayment,,A11IXZARH0Q62S,-1.500,3EFNPKWBMS89S7220AUVR6ECE5R03R,3FE2ERCCZYS4OXX2QWYEJU9J16FPO6
3WJA17W2EVPV6R1N4ORWSE3T1MMX7W,2019-07-26 10:59:50 -0700,2019-07-26 13:35:15 -0700,FeePayment,,Mechanical Turk,-0.300,3EFNPKWBMS89S7220AUVR6ECE5R03R,3FE2ERCCZYS4OXX2QWYEJU9J16FPO6
3OLN84USEC8ZOHIA8UFZIBFZ6G7WZN,2019-07-26 10:59:51 -0700,2019-07-26 11:27:21 -0700,AssignmentPayment,,A1PHDT66U6IK4Q,-1.500,3EFNPKWBMS89S7220AUVR6ECE5R03R,3W92K5RLWV1VL7OG7TBEGGYA6175V2
3VZ0KFJNVFWB5PM8T8AIXBRNSRKSKP,2019-07-26 10:59:51 -0700,2019-07-26 13:35:15 -0700,FeePayment,,Mechanical Turk,-0.300,3EFNPKWBMS89S7220AUVR6ECE5R03R,3W92K5RLWV1VL7OG7TBEGGYA6175V2
3BROYMKS0OZNAPPL227X9CN6GT54YJ,2019-07-26 10:59:51 -0700,2019-07-26 12:07:26 -0700,AssignmentPayment,,A11YS0T8MV3Q7C,-1.500,3EFNPKWBMS89S7220AUVR6ECE5R03R,3PWWM24LHTI5BY9GHHY6QVBQBT628K
3EU8AFIIJY5GTWWE2LRMMQLRIA20JC,2019-07-26 10:59:51 -0700,2019-07-26 13:35:15 -0700,FeePayment,,Mechanical Turk,-0.300,3EFNPKWBMS89S7220AUVR6ECE5R03R,3PWWM24LHTI5BY9GHHY6QVBQBT628K
3QNCPAKYWR589DX08ZFYMCZ04CL50O,2019-07-26 10:59:51 -0700,2019-07-26 14:22:44 -0700,AssignmentPayment,,A2QFX6GRMUZKG7,-1.500,3J5XXLQDHMVPL83I37IKCZ42813V3D,36U2A8VAG2JF7K4OJR24P4LML4GYKT
3XI1PCG2XUWMOMKE563Z25YJMZ70LE,2019-07-26 10:59:51 -0700,2019-07-26 13:35:15 -0700,FeePayment,,Mechanical Turk,-0.300,3J5XXLQDHMVPL83I37IKCZ42813V3D,36U2A8VAG2JF7K4OJR24P4LML4GYKT
3NWOJIE7G6AKLIYUGFDSZB3QU396VX,2019-07-26 10:59:51 -0700,2019-07-26 11:14:44 -0700,AssignmentPayment,,A1KXYURHCYHKOL,-1.500,3J5XXLQDHMVPL83I37IKCZ42813V3D,33OOO72IVI5170T6H8Y7T4GZ1UHTCG
3CIYP1VW4FSDY49R92AX81MQNG52GU,2019-07-26 10:59:51 -0700,2019-07-26 13:35:15 -0700,FeePayment,,Mechanical Turk,-0.300,3J5XXLQDHMVPL83I37IKCZ42813V3D,33OOO72IVI5170T6H8Y7T4GZ1UHTCG
3HUL8S66TKVNBDXU3RP8NYGFZUGA9B,2019-07-26 10:59:51 -0700,2019-07-26 14:03:58 -0700,AssignmentPayment,,ANYW42STKMEJH,-1.500,3J5XXLQDHMVPL83I37IKCZ42813V3D,34BBWHLWHBVKCKJ04NZ4RRLTISRWIH
3KQGNXSTCCJO2JT9BQ1CANQTGYB5UY,2019-07-26 10:59:51 -0700,2019-07-26 13:35:15 -0700,FeePayment,,Mechanical Turk,-0.300,3J5XXLQDHMVPL83I37IKCZ42813V3D,34BBWHLWHBVKCKJ04NZ4RRLTISRWIH
3KTGFTT0FKDOPZ9G66TIBJN7K1OU5F,2019-07-26 10:59:52 -0700,2019-07-26 11:36:26 -0700,AssignmentPayment,,A1PWD0A4HANK8W,-1.500,3J5XXLQDHMVPL83I37IKCZ42813V3D,34T446B1C1Y0RRWFJ6AX9TEU4J80CZ
3CZ0VS4FH4P0304BEWQLYSYL4D5PQY,2019-07-26 10:59:52 -0700,2019-07-26 13:35:15 -0700,FeePayment,,Mechanical Turk,-0.300,3J5XXLQDHMVPL83I37IKCZ42813V3D,34T446B1C1Y0RRWFJ6AX9TEU4J80CZ
3Y8UVXCI7XOHIL2SAO2TS09U230X1S,2019-07-26 10:59:52 -0700,2019-07-26 12:34:25 -0700,AssignmentPayment,,A1SJG5FHSE58UT,-1.500,3J5XXLQDHMVPL83I37IKCZ42813V3D,3300DTYQT313CILSWVA7EN5F20VEQI
3JSFHD31R626VDMBEKNYCOJRHWFSMU,2019-07-26 10:59:52 -0700,2019-07-26 13:35:15 -0700,FeePayment,,Mechanical Turk,-0.300,3J5XXLQDHMVPL83I37IKCZ42813V3D,3300DTYQT313CILSWVA7EN5F20VEQI
3UEOIKJJ4EYUOCO09XFX9NI1QZW1OS,2019-07-26 10:59:52 -0700,2019-07-26 13:35:38 -0700,AssignmentPayment,,A1OYFPVRNV6E7X,-1.500,3J5XXLQDHMVPL83I37IKCZ42813V3D,3L2IS5HSFB2ZYH5M63XVEBWDJFWNUJ
3KCH8365SACZKAPGJLPG6AUZWCAX98,2019-07-26 10:59:52 -0700,2019-07-26 13:35:15 -0700,FeePayment,,Mechanical Turk,-0.300,3J5XXLQDHMVPL83I37IKCZ42813V3D,3L2IS5HSFB2ZYH5M63XVEBWDJFWNUJ
3O1HIVKLGO96Z6CR1B34E4B5NUJABL,2019-07-26 10:59:52 -0700,2019-07-26 14:16:22 -0700,AssignmentPayment,,AW7QSU7VMJEIR,-1.500,3J5XXLQDHMVPL83I37IKCZ42813V3D,3RWE2M8QWIUJIVT68WJBP4863OZ0NW
3FG4N0D5PSY1UNIE6QGDSBBQ1EM5WX,2019-07-26 10:59:52 -0700,2019-07-26 13:35:15 -0700,FeePayment,,Mechanical Turk,-0.300,3J5XXLQDHMVPL83I37IKCZ42813V3D,3RWE2M8QWIUJIVT68WJBP4863OZ0NW
3KBKWA7PU7XZE3ABF7UA9UZ5QFVADS,2019-07-26 10:59:52 -0700,2019-07-26 13:33:29 -0700,AssignmentPayment,,AWLT46A9EWTK8,-1.500,3J5XXLQDHMVPL83I37IKCZ42813V3D,3HYA4D452S3EQDJ3PV4C0NSCYXH2FZ
33G78CQL45Q5JSDELRY1D8W6CMM5YW,2019-07-26 10:59:52 -0700,2019-07-26 13:35:15 -0700,FeePayment,,Mechanical Turk,-0.300,3J5XXLQDHMVPL83I37IKCZ42813V3D,3HYA4D452S3EQDJ3PV4C0NSCYXH2FZ
33XOHCYG7RPT8Y6FN9260I5AWT7C03,2019-07-26 10:59:52 -0700,2019-07-26 14:36:43 -0700,AssignmentPayment,,A30RTQC0LLY19K,-1.500,3J5XXLQDHMVPL83I37IKCZ42813V3D,3KOPY89HM9MJGX1ICL92YVPWXGCJ34
3UI1CATC9MY06XKYQ5O8HK86UDD7LL,2019-07-26 10:59:52 -0700,2019-07-26 13:35:15 -0700,FeePayment,,Mechanical Turk,-0.300,3J5XXLQDHMVPL83I37IKCZ42813V3D,3KOPY89HM9MJGX1ICL92YVPWXGCJ34
3YWII3UHIOMIHHNH7RUCFE0EUXPROD,2019-07-26 10:59:53 -0700,2019-07-26 14:08:57 -0700,AssignmentPayment,,ADY44EV3GCW85,-1.500,33IXYHIZB52JYFLD4HF5TLBO2S12E4,33SA9F9TRYE8WFHE849D6CN1Q0CWE2
3BQ5HQHBE7GU8GBCHF278831UY0N9E,2019-07-26 10:59:53 -0700,2019-07-26 13:35:15 -0700,FeePayment,,Mechanical Turk,-0.300,33IXYHIZB52JYFLD4HF5TLBO2S12E4,33SA9F9TRYE8WFHE849D6CN1Q0CWE2
3VE4800WPNR3C3NZUZ8F9313B7JU7U,2019-07-26 10:59:53 -0700,2019-07-26 12:00:15 -0700,AssignmentPayment,,A6WXIKRYMXNIN,-1.500,33IXYHIZB52JYFLD4HF5TLBO2S12E4,3I2PTA7R3UE6YID2SHLACIIKMWSKQ7
3QVR1NU3H7ACGGJO60FQTSDMM1QPSN,2019-07-26 10:59:53 -0700,2019-07-26 13:35:15 -0700,FeePayment,,Mechanical Turk,-0.300,33IXYHIZB52JYFLD4HF5TLBO2S12E4,3I2PTA7R3UE6YID2SHLACIIKMWSKQ7
34HBF8X604VDSOG7XSGCGTOR0NEX3K,2019-07-26 10:59:53 -0700,2019-07-26 14:18:15 -0700,AssignmentPayment,,AAQ0H553B0Y6B,-1.500,33IXYHIZB52JYFLD4HF5TLBO2S12E4,34T446B1C1Y0RRWFJ6AX9TEU4J7C0A
3YPD1RZSX1SUVG7NR02B4S8WCWUSO9,2019-07-26 10:59:53 -0700,2019-07-26 13:35:15 -0700,FeePayment,,Mechanical Turk,-0.300,33IXYHIZB52JYFLD4HF5TLBO2S12E4,34T446B1C1Y0RRWFJ6AX9TEU4J7C0A
360NW3FS1XJZJR85C8DG446X0M3YWY,2019-07-26 10:59:53 -0700,2019-07-26 12:55:51 -0700,AssignmentPayment,,AF18OIZ0GWGP2,-1.500,33IXYHIZB52JYFLD4HF5TLBO2S12E4,3X73LLYYQ2YUTVZ264QWVW7NP41NHJ
34MTC5CN47Z0ICD4CS2LZKTJL71UH3,2019-07-26 10:59:53 -0700,2019-07-26 13:35:15 -0700,FeePayment,,Mechanical Turk,-0.300,33IXYHIZB52JYFLD4HF5TLBO2S12E4,3X73LLYYQ2YUTVZ264QWVW7NP41NHJ
3SY2EBPEU2YX9O1GOA71YSD150E1Q0,2019-07-26 10:59:53 -0700,2019-07-26 13:19:58 -0700,AssignmentPayment,,A3QNCW3LR2AVOV,-1.500,33IXYHIZB52JYFLD4HF5TLBO2S12E4,3DY4FPOOA28KQUME40OHJH36YF8RV6
3RJDI6KKFEQI834DH53CXGPPKCDXBI,2019-07-26 10:59:53 -0700,2019-07-26 13:35:15 -0700,FeePayment,,Mechanical Turk,-0.300,33IXYHIZB52JYFLD4HF5TLBO2S12E4,3DY4FPOOA28KQUME40OHJH36YF8RV6
3WGWEU0C8CML2T0XM4MG4JVE9Y7RQL,2019-07-26 10:59:54 -0700,2019-07-26 11:19:28 -0700,AssignmentPayment,,A1NCWY01WAAP2K,-1.500,33IXYHIZB52JYFLD4HF5TLBO2S12E4,3KWTYT0871NSP2CMTP98T708F1P5LZ
3IX1RTVQ1BUDW9Q9FZG3ZEYRIY3NBO,2019-07-26 10:59:54 -0700,2019-07-26 13:35:15 -0700,FeePayment,,Mechanical Turk,-0.300,33IXYHIZB52JYFLD4HF5TLBO2S12E4,3KWTYT0871NSP2CMTP98T708F1P5LZ
3ACNKPQ08F7XF9FAE8BLZJAFRMSRSA,2019-07-26 10:59:54 -0700,2019-07-26 13:33:19 -0700,AssignmentPayment,,A3N5OHAGVN61R9,-1.500,3ZG552ORAMO00Q7ZZ74FTPZA2N3V22,308XBLVESJO5HGO8ZJXHI59ZVNTBRL
3E7458IUFUI6B6OTTV79U4MRLJFNDV,2019-07-26 10:59:54 -0700,2019-07-26 13:35:15 -0700,FeePayment,,Mechanical Turk,-0.300,3ZG552ORAMO00Q7ZZ74FTPZA2N3V22,308XBLVESJO5HGO8ZJXHI59ZVNTBRL
36UTK6F2U5J9M4GTGEW6TSS2NOZ1SP,2019-07-26 10:59:54 -0700,2019-07-26 11:15:13 -0700,AssignmentPayment,,A70TBKPGWQZO4,-1.500,33IXYHIZB52JYFLD4HF5TLBO2S12E4,3X31TUMD7Y6T1KB3S27WQHNR3MN1LI
3NTGWL7OTXEBN02XV1UIS6DPNXPXDP,2019-07-26 10:59:54 -0700,2019-07-26 13:35:15 -0700,FeePayment,,Mechanical Turk,-0.300,33IXYHIZB52JYFLD4HF5TLBO2S12E4,3X31TUMD7Y6T1KB3S27WQHNR3MN1LI
3BTL6UVJKKCF5N0ENMJC50SF1A5528,2019-07-26 10:59:54 -0700,2019-07-26 12:56:19 -0700,AssignmentPayment,,A24EYMUIGY8M5O,-1.500,33IXYHIZB52JYFLD4HF5TLBO2S12E4,3FE2ERCCZYS4OXX2QWYEJU9J167OPX
3QXYNWUYO0RCCMNZHJJEFX28RU70NG,2019-07-26 10:59:54 -0700,2019-07-26 13:35:15 -0700,FeePayment,,Mechanical Turk,-0.300,33IXYHIZB52JYFLD4HF5TLBO2S12E4,3FE2ERCCZYS4OXX2QWYEJU9J167OPX
3NPZJEL8I0CWCNO76DP0XU2Q2SBAF3,2019-07-26 10:59:54 -0700,2019-07-26 12:44:34 -0700,AssignmentPayment,,AW5O1RK3W60FC,-1.500,33IXYHIZB52JYFLD4HF5TLBO2S12E4,3FTF2T8WLS2R1JQX0TTREYMQZ4IW9G
3I3EJLJYI4T451H7I2XXDMGMW4I60C,2019-07-26 10:59:54 -0700,2019-07-26 13:35:15 -0700,FeePayment,,Mechanical Turk,-0.300,33IXYHIZB52JYFLD4HF5TLBO2S12E4,3FTF2T8WLS2R1JQX0TTREYMQZ4IW9G
31IIADQ3TRKDUM7E3D6LEKS3CJDRUQ,2019-07-26 10:59:55 -0700,2019-07-26 12:06:27 -0700,AssignmentPayment,,A2W121DQXNQK1,-1.500,3ZG552ORAMO00Q7ZZ74FTPZA2N3V22,3T3IWE1XG775113PMQZ2D95G5BAQTE
3HLJSCWD3NX39Q2PK12ZI4PCXWVNF6,2019-07-26 10:59:55 -0700,2019-07-26 13:35:15 -0700,FeePayment,,Mechanical Turk,-0.300,3ZG552ORAMO00Q7ZZ74FTPZA2N3V22,3T3IWE1XG775113PMQZ2D95G5BAQTE
3J7BFWAZ32E7QMBS9W6ZNZS96X7U96,2019-07-26 10:59:55 -0700,2019-07-26 12:57:50 -0700,AssignmentPayment,,A2BVVFXMQU8AC7,-1.500,3ZG552ORAMO00Q7ZZ74FTPZA2N3V22,3OB0CAO74I9O5U3GD6Z7CC5UTOXHYV
3H1MRBU62JNSVTBSV5AQ8TVA7YBPU3,2019-07-26 10:59:55 -0700,2019-07-26 13:35:15 -0700,FeePayment,,Mechanical Turk,-0.300,3ZG552ORAMO00Q7ZZ74FTPZA2N3V22,3OB0CAO74I9O5U3GD6Z7CC5UTOXHYV
3QE7PZOEQ6SQEFQP7GKVE5NZUXAUBG,2019-07-26 10:59:55 -0700,2019-07-26 13:56:27 -0700,AssignmentPayment,,A17KN7NAP48L4B,-1.500,3ZG552ORAMO00Q7ZZ74FTPZA2N3V22,3U5JL4WY5LT5TDPBT3TMZ9PHMGU4X9
3CRAREFIFZ25NX0XQ5PRQHG7SEMPW2,2019-07-26 10:59:56 -0700,2019-07-26 13:35:15 -0700,FeePayment,,Mechanical Turk,-0.300,3ZG552ORAMO00Q7ZZ74FTPZA2N3V22,3U5JL4WY5LT5TDPBT3TMZ9PHMGU4X9
3U0QHFS8GAB38W35R9V4P1RDBU3YYX,2019-07-26 10:59:55 -0700,2019-07-26 13:37:12 -0700,AssignmentPayment,,A1MJX6Q6BTWA6,-1.500,3ZG552ORAMO00Q7ZZ74FTPZA2N3V22,32AT8R96GMTWEUXREZEHD56J6BNUSF
380C0YRK2RDW9I8U0S56BX9YYZ5UJ8,2019-07-26 10:59:55 -0700,2019-07-26 13:35:15 -0700,FeePayment,,Mechanical Turk,-0.300,3ZG552ORAMO00Q7ZZ74FTPZA2N3V22,32AT8R96GMTWEUXREZEHD56J6BNUSF
3X0OAUF5FHWP1H8X5JR68TAQ8LK1U5,2019-07-26 10:59:55 -0700,2019-07-26 13:21:25 -0700,AssignmentPayment,,A1FA1TJV1MYMM9,-1.500,3ZG552ORAMO00Q7ZZ74FTPZA2N3V22,3OLF68YTNAL3VGE72AXR65BAAK0FA8
3Q7VJPL7HQT8LKGTM7P8G6GAZA5XF0,2019-07-26 10:59:55 -0700,2019-07-26 13:35:15 -0700,FeePayment,,Mechanical Turk,-0.300,3ZG552ORAMO00Q7ZZ74FTPZA2N3V22,3OLF68YTNAL3VGE72AXR65BAAK0FA8
3DKOM3QKWLNCP73PGUEANW0BAEH6X0,2019-07-26 10:59:55 -0700,2019-07-26 14:01:12 -0700,AssignmentPayment,,A6KOTWP7N7RLU,-1.500,3ZG552ORAMO00Q7ZZ74FTPZA2N3V22,33FBRBDW6PJI9G1IEANC28KCNHZ8C9
3ZMC8POB1DCRUVFMZQA0TDZ62TX2IM,2019-07-26 10:59:55 -0700,2019-07-26 13:35:15 -0700,FeePayment,,Mechanical Turk,-0.300,3ZG552ORAMO00Q7ZZ74FTPZA2N3V22,33FBRBDW6PJI9G1IEANC28KCNHZ8C9
32C3XX91XXAGQJFD13D00FE3I7OAH1,2019-07-26 10:59:55 -0700,2019-07-26 14:12:43 -0700,AssignmentPayment,,AE015UO038LEC,-1.500,3ZG552ORAMO00Q7ZZ74FTPZA2N3V22,3QECW5O0KILG8FKR2YBZFYAP9D75TW
339N05UJ6X0B1BKLXP1BWA91T2262W,2019-07-26 10:59:55 -0700,2019-07-26 13:35:15 -0700,FeePayment,,Mechanical Turk,-0.300,3ZG552ORAMO00Q7ZZ74FTPZA2N3V22,3QECW5O0KILG8FKR2YBZFYAP9D75TW
3O3XYW91VKW0489T2W6KJ6YPTRRC2N,2019-07-26 10:59:55 -0700,2019-07-26 13:46:39 -0700,AssignmentPayment,,A2CPJXQ3JKFF56,-1.500,3ZG552ORAMO00Q7ZZ74FTPZA2N3V22,3MTMREQS4W256202SZ7RATXA5MNWAI
3NXYAU780STQUXNJ2I4NUCCVZ8D7NN,2019-07-26 10:59:55 -0700,2019-07-26 13:35:15 -0700,FeePayment,,Mechanical Turk,-0.300,3ZG552ORAMO00Q7ZZ74FTPZA2N3V22,3MTMREQS4W256202SZ7RATXA5MNWAI
3MOA3EBI4PGJTCO9LCB19VBZXIMUDN,2019-07-26 10:59:56 -0700,2019-07-26 14:05:21 -0700,AssignmentPayment,,A2SV4DT0H0ZHQY,-1.500,3DWGDA5POFOTB5P3G341O6P5AHPV1L,3M1CVSFP61P0M54GGQ8LI4FOHKZAQJ
30RDCQSYUCU9C2VX567FBE1N3MMPY1,2019-07-26 10:59:56 -0700,2019-07-26 13:35:15 -0700,FeePayment,,Mechanical Turk,-0.300,3DWGDA5POFOTB5P3G341O6P5AHPV1L,3M1CVSFP61P0M54GGQ8LI4FOHKZAQJ
3L1M0WQD705G633BBB45VQMBEJ5X5A,2019-07-26 10:59:56 -0700,2019-07-26 13:08:52 -0700,AssignmentPayment,,A2W8TJXW68442D,-1.500,3DWGDA5POFOTB5P3G341O6P5AHPV1L,3V26SBZTBEYA15DFFE7XQQI1V8HZZT
3W9RXI5NNPSXGSK36DUFTX3WRXCSQH,2019-07-26 10:59:56 -0700,2019-07-26 13:35:15 -0700,FeePayment,,Mechanical Turk,-0.300,3DWGDA5POFOTB5P3G341O6P5AHPV1L,3V26SBZTBEYA15DFFE7XQQI1V8HZZT
3SQCAX0HSXB2TLX20J67QHVNT1V1W4,2019-07-26 10:59:56 -0700,2019-07-26 13:28:06 -0700,AssignmentPayment,,A1F1TBDHPYAAXT,-1.500,3DWGDA5POFOTB5P3G341O6P5AHPV1L,34S6N1K2ZW345VWHURAHI43YK9WLHA
35UZX890WNRSZG7ZHXD8JRSNFPIXHY,2019-07-26 10:59:56 -0700,2019-07-26 13:35:15 -0700,FeePayment,,Mechanical Turk,-0.300,3DWGDA5POFOTB5P3G341O6P5AHPV1L,34S6N1K2ZW345VWHURAHI43YK9WLHA
3KA5HFJCRR8P81F1R020YFPDLO1544,2019-07-26 10:59:56 -0700,2019-07-26 13:11:29 -0700,AssignmentPayment,,A19OCD2Q0K2U6M,-1.500,3DWGDA5POFOTB5P3G341O6P5AHPV1L,3ZV9H2YQQER5MH1HJKSHNLJ4ZB9W3Y
3NVI1SL4JQFCF7ZCXYW6JM73R980PC,2019-07-26 10:59:56 -0700,2019-07-26 13:35:15 -0700,FeePayment,,Mechanical Turk,-0.300,3DWGDA5POFOTB5P3G341O6P5AHPV1L,3ZV9H2YQQER5MH1HJKSHNLJ4ZB9W3Y
3DN9YG6Z9DR1U234HC2VKHGMIEF6ZX,2019-07-26 10:59:56 -0700,2019-07-26 12:25:47 -0700,AssignmentPayment,,AIGUVMQQYYKMN,-1.500,3DWGDA5POFOTB5P3G341O6P5AHPV1L,3WI0P0II62CYWDMSDFONDVXZY86DRV
3D5014L9LR8I0Q5AZTVC6TEJUXM2KX,2019-07-26 10:59:56 -0700,2019-07-26 13:35:15 -0700,FeePayment,,Mechanical Turk,-0.300,3DWGDA5POFOTB5P3G341O6P5AHPV1L,3WI0P0II62CYWDMSDFONDVXZY86DRV
3ZPVII0EI3L6GRHPFNMEBG6V5BSZ0O,2019-07-26 10:59:57 -0700,2019-07-26 13:47:01 -0700,AssignmentPayment,,A1VLKEZDMYN8UB,-1.500,3DWGDA5POFOTB5P3G341O6P5AHPV1L,39JEC7537VLGKSXVM3YMUM4KYG1VC4
3RO5FVP4GN4248WU3DHJRCMQ2OAULA,2019-07-26 10:59:57 -0700,2019-07-26 13:35:15 -0700,FeePayment,,Mechanical Turk,-0.300,3DWGDA5POFOTB5P3G341O6P5AHPV1L,39JEC7537VLGKSXVM3YMUM4KYG1VC4
3KV4Z2BZ6WSDC1K3UAQSU4ZA29CZ28,2019-07-26 10:59:57 -0700,2019-07-26 13:53:09 -0700,AssignmentPayment,,A2L26DMSVUEDP6,-1.500,3E9ZFLPWOYCWF0QWOPQP4Q3C7TWXI4,3RXCAC0YIS9VQSHNGWJVSZ5RL658GR
3K32DF307TZSS8ZFFQXY44QF7JAUNC,2019-07-26 10:59:57 -0700,2019-07-26 13:35:15 -0700,FeePayment,,Mechanical Turk,-0.300,3E9ZFLPWOYCWF0QWOPQP4Q3C7TWXI4,3RXCAC0YIS9VQSHNGWJVSZ5RL658GR
3GQFV9DX7A36IQS2FKOVBEG349V1Y3,2019-07-26 10:59:57 -0700,2019-07-26 11:55:03 -0700,AssignmentPayment,,A13MKK55XIR8F7,-1.500,3DWGDA5POFOTB5P3G341O6P5AHPV1L,3EA3QWIZ4JFSK3F69IUT47EUE02ITA
398IL1OXU75OQM2P5XGTV482SHMXJ3,2019-07-26 10:59:57 -0700,2019-07-26 13:35:15 -0700,FeePayment,,Mechanical Turk,-0.300,3DWGDA5POFOTB5P3G341O6P5AHPV1L,3EA3QWIZ4JFSK3F69IUT47EUE02ITA
34LQ58QJN1B3NOJFAOVFVD9RHF756P,2019-07-26 10:59:57 -0700,2019-07-26 11:23:02 -0700,AssignmentPayment,,A2YECICDU9VDAJ,-1.500,3DWGDA5POFOTB5P3G341O6P5AHPV1L,3Q5ZZ9ZEVPZXAVS3Z004O2E2V1U58H
379ESYGU7QIXRKFRAQ0VOH7ISRW0R4,2019-07-26 10:59:57 -0700,2019-07-26 13:35:15 -0700,FeePayment,,Mechanical Turk,-0.300,3DWGDA5POFOTB5P3G341O6P5AHPV1L,3Q5ZZ9ZEVPZXAVS3Z004O2E2V1U58H
3XKH9HXU2RSA7MOG6AP8CLVND5NC4J,2019-07-26 10:59:57 -0700,2019-07-26 12:50:55 -0700,AssignmentPayment,,AQKC1VIZAZ6VI,-1.500,3DWGDA5POFOTB5P3G341O6P5AHPV1L,3XCC1ODXDMVSLMQXI1U7DU4YHPKQR6
3KVIOQYEVIHQXIZWIXHFY1HQZNE7PJ,2019-07-26 10:59:57 -0700,2019-07-26 13:35:15 -0700,FeePayment,,Mechanical Turk,-0.300,3DWGDA5POFOTB5P3G341O6P5AHPV1L,3XCC1ODXDMVSLMQXI1U7DU4YHPKQR6
3W86AGBF67ZQMQWJYDLMW8D0XZORWP,2019-07-26 10:59:58 -0700,2019-07-26 13:14:07 -0700,AssignmentPayment,,A2TQCLAV1NQW5N,-1.500,3E9ZFLPWOYCWF0QWOPQP4Q3C7TWXI4,3W2LOLRXLCZ6AJS25WAAH8SPIHDKRP
3W8N6VK6IKVNNMTVFRQZLP1PDB8NH4,2019-07-26 10:59:58 -0700,2019-07-26 13:35:15 -0700,FeePayment,,Mechanical Turk,-0.300,3E9ZFLPWOYCWF0QWOPQP4Q3C7TWXI4,3W2LOLRXLCZ6AJS25WAAH8SPIHDKRP
3PE9C3P5IVOGAGEDQGD0O5WOK2U20K,2019-07-26 10:59:58 -0700,2019-07-26 13:14:33 -0700,AssignmentPayment,,A1BXEU20OCUGVZ,-1.500,3E9ZFLPWOYCWF0QWOPQP4Q3C7TWXI4,3YWRV122CTJEVAII018CWE6IUGLU8I
3SWB0YMH83WULCQP8IS6BJLUW6RXL5,2019-07-26 10:59:58 -0700,2019-07-26 13:35:15 -0700,FeePayment,,Mechanical Turk,-0.300,3E9ZFLPWOYCWF0QWOPQP4Q3C7TWXI4,3YWRV122CTJEVAII018CWE6IUGLU8I
30UK79JD8GQN36W1SBYVY1W60AM718,2019-07-26 10:59:58 -0700,2019-07-26 12:55:27 -0700,AssignmentPayment,,A15PESBKJVLNHW,-1.500,3E9ZFLPWOYCWF0QWOPQP4Q3C7TWXI4,3LS2AMNW5GAPO9YHQ9D3JZZT65UQOX
31YFY25NHIEDQE5DK58SL66NJ2H2M2,2019-07-26 10:59:58 -0700,2019-07-26 13:35:15 -0700,FeePayment,,Mechanical Turk,-0.300,3E9ZFLPWOYCWF0QWOPQP4Q3C7TWXI4,3LS2AMNW5GAPO9YHQ9D3JZZT65UQOX
36QMLQOYVHOCHPA3P3GLCSUIVZSAJ6,2019-07-26 10:59:58 -0700,2019-07-26 11:40:37 -0700,AssignmentPayment,,A12NS340IQVXZD,-1.500,3E9ZFLPWOYCWF0QWOPQP4Q3C7TWXI4,386CSBG1O06ZZ3SDQDR92ZD2LYPQ6J
3CQ7BQICD4WL4PZ813KZPP6ZDGY64S,2019-07-26 10:59:58 -0700,2019-07-26 13:35:15 -0700,FeePayment,,Mechanical Turk,-0.300,3E9ZFLPWOYCWF0QWOPQP4Q3C7TWXI4,386CSBG1O06ZZ3SDQDR92ZD2LYPQ6J
3LV7ZK55RWHGAM1FCYJ0I8FGKSLDL6,2019-07-26 18:58:28 -0700,2019-07-27 02:37:18 -0700,AssignmentPayment,,A1MSLM87Z8CLTK,-1.500,37ZQELHEQ0IDZP2J7Y18YHJVMPINM4,3DR23U6WE6YG4YDKDZ42JSG2M6METM
33WLDF6B8BIM1V5KIYGQ6XHFZA396M,2019-07-26 18:58:28 -0700,2019-07-27 02:22:40 -0700,FeePayment,,Mechanical Turk,-0.300,37ZQELHEQ0IDZP2J7Y18YHJVMPINM4,3DR23U6WE6YG4YDKDZ42JSG2M6METM
3LFSY5EK664OOS7P4F5NMLA641ILKR,2019-07-26 18:58:28 -0700,2019-07-27 01:08:06 -0700,AssignmentPayment,,A1DNNPAO6LS9DP,-1.500,37ZQELHEQ0IDZP2J7Y18YHJVMPINM4,3STRJBFXOXBJQY5U9LF5HNT763TKTN
3WV1GD9ZN3FJXXNPBRUDR813MS0H54,2019-07-26 18:58:28 -0700,2019-07-27 02:22:40 -0700,FeePayment,,Mechanical Turk,-0.300,37ZQELHEQ0IDZP2J7Y18YHJVMPINM4,3STRJBFXOXBJQY5U9LF5HNT763TKTN
38RPNI9OC5YUYH3WSA75DT5AYH6P9Y,2019-07-26 18:58:29 -0700,2019-07-26 23:40:29 -0700,AssignmentPayment,,A308FEI88TJ8WV,-1.500,37ZQELHEQ0IDZP2J7Y18YHJVMPINM4,3PZDLQMM0U57N1ZTYTEBSH791JSC2Z
3M5VA3JQGR9RK2ECID5ICC9BDQWKUS,2019-07-26 18:58:29 -0700,2019-07-27 02:22:40 -0700,FeePayment,,Mechanical Turk,-0.300,37ZQELHEQ0IDZP2J7Y18YHJVMPINM4,3PZDLQMM0U57N1ZTYTEBSH791JSC2Z
3T07FN44PPGC0BNIL1U4QZ55QQUSNG,2019-07-26 18:58:29 -0700,2019-07-26 23:05:07 -0700,AssignmentPayment,,A3PGS1Q1XAY79I,-1.500,37ZQELHEQ0IDZP2J7Y18YHJVMPINM4,32SVAV9L3GT8F4YEIFWP5WMD7T63AW
3UBBO1SOT8ICCWSED2W6N18V04EO80,2019-07-26 18:58:29 -0700,2019-07-27 02:22:40 -0700,FeePayment,,Mechanical Turk,-0.300,37ZQELHEQ0IDZP2J7Y18YHJVMPINM4,32SVAV9L3GT8F4YEIFWP5WMD7T63AW
35XZP4A7ZVLSMWN6CD5EKNP1JTNXHK,2019-07-26 18:58:29 -0700,2019-07-27 00:05:40 -0700,AssignmentPayment,,A1A6UVH1CCP8CD,-1.500,37ZQELHEQ0IDZP2J7Y18YHJVMPINM4,3EWIJTFFVPRFOPGTFXGSZHEXPWY0E7
3O6T48FFY41H39VXT2947K1FDC3T2O,2019-07-26 18:58:29 -0700,2019-07-27 02:22:40 -0700,FeePayment,,Mechanical Turk,-0.300,37ZQELHEQ0IDZP2J7Y18YHJVMPINM4,3EWIJTFFVPRFOPGTFXGSZHEXPWY0E7
3987V3YY2XAJEG7SPRI31Y2AT6DLMW,2019-07-26 18:58:29 -0700,2019-07-27 02:56:49 -0700,AssignmentPayment,,A16184N1RO5OJV,-1.500,37ZQELHEQ0IDZP2J7Y18YHJVMPINM4,3N1FSUEFL6KRV7KU23SA52MP6VND4F
37GP9KGVX6TYK118ZK9APSFZDYVH7J,2019-07-26 18:58:29 -0700,2019-07-27 02:22:40 -0700,FeePayment,,Mechanical Turk,-0.300,37ZQELHEQ0IDZP2J7Y18YHJVMPINM4,3N1FSUEFL6KRV7KU23SA52MP6VND4F
3TRQELNFCN0W97HZ2CYD680ND3CR52,2019-07-26 18:58:29 -0700,2019-07-27 00:11:11 -0700,AssignmentPayment,,A19CLQ1FP2HK2T,-1.500,37ZQELHEQ0IDZP2J7Y18YHJVMPINM4,3FTYUGLFSV59RQOUG8BKAUS36SWD50
35WOBIDDR3HUIX7YMGYTHO4QZAMMQV,2019-07-26 18:58:29 -0700,2019-07-27 02:22:40 -0700,FeePayment,,Mechanical Turk,-0.300,37ZQELHEQ0IDZP2J7Y18YHJVMPINM4,3FTYUGLFSV59RQOUG8BKAUS36SWD50
3O55FHUP8S07EJS427XGT2RFO6SLOB,2019-07-26 18:58:30 -0700,2019-07-26 23:21:24 -0700,AssignmentPayment,,AX81CBXM149MY,-1.500,37ZQELHEQ0IDZP2J7Y18YHJVMPINM4,3PM8NZGV8Z0CIIC9R00Z2CQMI75XQB
3V9WGGQYBLG2YKP1EH7U3O658OJH9V,2019-07-26 18:58:30 -0700,2019-07-27 02:22:40 -0700,FeePayment,,Mechanical Turk,-0.300,37ZQELHEQ0IDZP2J7Y18YHJVMPINM4,3PM8NZGV8Z0CIIC9R00Z2CQMI75XQB
3RR57RQBJVY2ROC1YT9PS8J46SGLUO,2019-07-26 19:03:24 -0700,2019-07-27 02:27:26 -0700,AssignmentPayment,,A20AZHMLAM1MHV,-1.500,3PA41K45VNOUH779J7CBJOR0RHZ7PO,33FBRBDW6PJI9G1IEANC28KCNQMC8I
314AR25001XBZUGEH37MDKSGBMEHFN,2019-07-26 19:03:24 -0700,2019-07-27 02:22:40 -0700,FeePayment,,Mechanical Turk,-0.300,3PA41K45VNOUH779J7CBJOR0RHZ7PO,33FBRBDW6PJI9G1IEANC28KCNQMC8I
333KFK51DJOAUF8Q9VXWPS5EKLDT0L,2019-07-28 12:22:46 -0700,2019-07-28 18:55:50 -0700,AssignmentPayment,,A38VE3N9O0332D,-1.500,3PEG1BH7AEBG8SDJJWJJS9RXGW5BKW,3IX2EGZR7C3BZZMKNBAYGTSC357RJH
3O25NLTI5K67R3CX7R5AS6U1K8TOLA,2019-07-28 12:22:46 -0700,2019-07-28 18:35:33 -0700,FeePayment,,Mechanical Turk,-0.300,3PEG1BH7AEBG8SDJJWJJS9RXGW5BKW,3IX2EGZR7C3BZZMKNBAYGTSC357RJH
3Z8CZBOB5UFAZ2YLIBPVZ45B96XBS1,2019-07-28 12:28:15 -0700,2019-07-28 20:27:36 -0700,AssignmentPayment,,A3S0IC3M8RZ54U,-1.500,389A2A304O2X57YLT35WK9I6KJ10CO,3JJVG1YBECHGCTQA2CKEF4433EX5BC
3PF68XEJUGGH8LW6DOQKY701LAI7DO,2019-07-28 12:28:15 -0700,2019-07-28 18:35:33 -0700,FeePayment,,Mechanical Turk,-0.300,389A2A304O2X57YLT35WK9I6KJ10CO,3JJVG1YBECHGCTQA2CKEF4433EX5BC
3ETBCNLTKPILOZBCXDFUS8R6KIE3V7,2019-07-28 12:28:16 -0700,2019-07-28 18:06:21 -0700,AssignmentPayment,,A3DS5B06ZCD3E3,-1.500,389A2A304O2X57YLT35WK9I6KJ10CO,3EQHHY4HQTCC3AYLIYCSGFV0JSAG5R
3MTKVG654NP34FC3Y9JBVCWX8VAZGH,2019-07-28 12:28:16 -0700,2019-07-28 18:35:33 -0700,FeePayment,,Mechanical Turk,-0.300,389A2A304O2X57YLT35WK9I6KJ10CO,3EQHHY4HQTCC3AYLIYCSGFV0JSAG5R
3W1EEYJT3D65FJ9H3V6FUNFMWWTA0I,2019-07-28 12:28:16 -0700,2019-07-28 18:11:42 -0700,AssignmentPayment,,AK97EWXEUC3US,-1.500,389A2A304O2X57YLT35WK9I6KJ10CO,3PDJHANYK60MMATA7N4FTLL1UO9H6K
3JXDJ3MGZJKLJT6F2C9BJ0UA3DP5LN,2019-07-28 12:28:16 -0700,2019-07-28 18:35:33 -0700,FeePayment,,Mechanical Turk,-0.300,389A2A304O2X57YLT35WK9I6KJ10CO,3PDJHANYK60MMATA7N4FTLL1UO9H6K
3J6RIB4V0JEUAURJQNG2NVAWN1FFDT,2019-07-28 12:28:16 -0700,2019-07-28 18:11:48 -0700,AssignmentPayment,,A7NTVYA1O3F7I,-1.500,389A2A304O2X57YLT35WK9I6KJ10CO,3OCHAWUVGP4Q7FEEEVG26QEDJ7OKXT
39U9X0PGBRR2PYPVGNPILJCS46UAYQ,2019-07-28 12:28:16 -0700,2019-07-28 18:35:33 -0700,FeePayment,,Mechanical Turk,-0.300,389A2A304O2X57YLT35WK9I6KJ10CO,3OCHAWUVGP4Q7FEEEVG26QEDJ7OKXT
317AJY6739RBMAWLCJZSEGPUFT8HF4,2019-07-28 12:28:16 -0700,2019-07-28 20:43:47 -0700,AssignmentPayment,,ASW9MABLSXSPK,-1.500,389A2A304O2X57YLT35WK9I6KJ10CO,3OLQQLKKNT9MQVHF15QYHMTTOCJEJL
3SF6LZ19IOE3QAWMSP5BJSQEDWCD0U,2019-07-28 12:28:16 -0700,2019-07-28 18:35:33 -0700,FeePayment,,Mechanical Turk,-0.300,389A2A304O2X57YLT35WK9I6KJ10CO,3OLQQLKKNT9MQVHF15QYHMTTOCJEJL
